Feature_ID,Feature_Name,Diameter,Center_Latitude,Center_Longitude,
4,"Abalos Colles",235.83,76.83,-71.65,
5,"Abalos Undae",442.74,78.52,-87.5,
6,"Aban",4.28,15.91,111.1,
25,"Abus Vallis",60.99,-5.49,-147.2,
31,"Achar",5.36,45.43,123.16,
34,"Acheron Catena",421.77,37.47,-100.8,
35,"Acheron Fossae",703.11,38.27,-135.02,
36,"Acidalia Colles",356.3,50.34,-23.09,
37,"Acidalia Mensa",226.86,46.69,-25.34,
38,"Acidalia Planitia",3505,49.76,-20.74,
45,"Adamas Labyrinthus",853,35.7,105.12,
46,"Adams",90.22,30.91,163.1,
65,"Aeolis",0,-4.94,145,
66,"Aeolis Mensae",785.09,-3.25,140.63,
68,"Aeria",0,9.88,50,
69,"Aesacus Dorsum",276.69,36.82,153.15,
71,"Aetheria",0,39.67,130,
72,"Aethiopis",0,9.88,130,
79,"Aganippe Fossa",537.16,-8.49,-126,
81,"Agassiz",108.77,-69.88,-88.89,
114,"Airy",43.05,-5.14,0.05,
115,"Airy-0",0.79,-5.07,0,
124,"Ajon",8.08,16.49,103.14,
131,"Aki",7.87,-35.46,-60.24,
139,"Aktaj",5.01,20.41,-46.49,
151,"Al-Qahira Vallis",600,-18.23,162.41,
157,"Alba Catena",144.86,35.04,-114.58,
158,"Alba Fossae",2072.02,49.39,-106.82,
159,"Alba Patera",65.98,39.53,-109.18,
160,"Albany",2.15,22.96,-49.02,
164,"Albi",9.07,-41.47,-35.01,
165,"Albor Fossae",155,18.09,150.78,
166,"Albor Tholus",158.38,18.87,150.47,
178,"Alexey Tolstoy",93.04,-47.44,125.34,
182,"Alga",18.72,-24.34,-26.68,
189,"Alitus",50,-34.91,-38.14,
193,"Allegheny Vallis",171.08,-9.01,-53.9,
205,"Alpheus Colles",633.03,-39.38,61.53,
218,"Amazonis",0,0,-140,
219,"Amazonis Mensa",414.04,-1.98,-146.9,
220,"Amazonis Planitia",2809.04,25.75,-162.91,
221,"Amazonis Sulci",250.59,-2.15,-143.71,
226,"Amenthes",0,4.94,110,
227,"Amenthes Fossae",850,9.07,102.68,
228,"Amenthes Planum",953,3.4,105.92,
229,"Amenthes Rupes",335.25,1.51,110.68,
242,"Amphitrites Patera",129.8,-58.7,60.87,
246,"Amsterdam",1.66,23,-47,
273,"Angu",2.08,20.01,105.64,
277,"Aniak",50.97,-31.84,-69.56,
279,"Anio Valles",54,37.75,55.89,
281,"Annapolis",1.11,23.16,-47.73,
288,"Anseris Mons",52.51,-29.81,86.65,
297,"Antoniadi",400.95,21.38,60.83,
310,"Aonia Planum",563.45,-57.9,-78.67,
311,"Aonia Terra",3873.48,-60.2,-97.05,
312,"Aonium Sinus",0,-44.66,-105,
319,"Apia",10.06,-37.28,89.02,
323,"Apollinaris Patera",89.6,-8.57,174.18,
324,"Apollinaris Sulci",188.64,-11.06,177.47,
325,"Apollinaris Tholus",32.39,-17.64,175.75,
332,"Apsus Vallis",121.56,34.91,134.99,
333,"Apt",9.57,39.88,-9.47,
335,"Arabia",0,19.78,30,
336,"Arabia Terra",4851.74,21.25,5.72,
338,"Arago",152.35,10.22,29.93,
339,"Aram Chaos",283.81,2.52,-22.39,
342,"Arandas",24.76,42.41,-15.03,
346,"Arcadia",0,44.66,-100,
347,"Arcadia Dorsa",1952.65,55.9,-137.56,
348,"Arcadia Planitia",2245,49.02,-171.85,
352,"Arda Valles",173.67,-20.4,-32.31,
356,"Arena Colles",580.12,24.63,82.93,
357,"Arena Dorsum",372.03,12.71,68.94,
358,"Ares Vallis",1757.67,10.29,-25.61,
362,"Argas",3.55,23.33,-50.17,
364,"Argentea Planum",1370.64,-72.49,-61.67,
369,"Argyre",0,-44.66,-25,
370,"Argyre Cavi",72.33,-48.31,-40.12,
371,"Argyre Planitia",892.93,-49.84,-43.31,
372,"Argyre Rupes",335.42,-62.15,-68.75,
375,"Ariadnes Colles",188.01,-34.5,172.78,
377,"Arica",15.77,-23.8,110.24,
378,"Arimanes Rupes",192.67,-9.84,-147.7,
384,"Arkhangelsky",116.83,-41.09,-24.79,
388,"Arnon",0,47.66,25,
389,"Arnus Vallis",311.61,13.97,70.61,
390,"Aromatum Chaos",72.8,-1.03,-42.97,
392,"Arrhenius",122.72,-40.04,122.71,
393,"Arsia Chasmata",97.06,-7.47,-119.35,
394,"Arsia Mons",470,-8.26,-120.09,
395,"Arsia Sulci",500,-6.29,-129.81,
396,"Arsinoes Chaos",200.08,-7.66,-27.92,
397,"Arta",3.96,21.38,-54.29,
406,"Artynia Catena",279.28,47.69,-119.45,
415,"Ascraeus Chasmata",105.2,8.77,-105.63,
416,"Ascraeus Mensa",34.86,11.72,-107.89,
417,"Ascraeus Mons",456.4,11.92,-104.08,
418,"Ascraeus Sulci",138.7,12.06,-108.75,
419,"Ascuris Planum",617.66,40.59,-80.78,
432,"Asopus Vallis",40.82,-4.29,-149.61,
434,"Aspen",18.48,-21.39,-23.15,
436,"Astapus Colles",597,35.46,88.08,
453,"Athabasca Valles",270,8.54,155.01,
457,"Atlantis Chaos",181.37,-34.28,-177.31,
471,"Auqakuh Vallis",347,30.25,60.41,
473,"Aureum Chaos",351.03,-3.89,-26.96,
475,"Aurorae Chaos",713.92,-8.47,-34.81,
476,"Aurorae Planum",564.49,-10.41,-48.62,
477,"Aurorae Sinus",0,-14.83,-50,
479,"Ausonia",0,-39.67,110,
480,"Ausonia Cavus",49.5,-31.92,96.55,
481,"Ausonia Mensa",102.51,-30.02,97.72,
482,"Ausonia Montes",333.13,-25.42,99.04,
484,"Australe Lingula",436.33,-84.05,68.56,
485,"Australe Mensa",172,-86.88,-2.76,
486,"Australe Montes",411.67,-80.19,14.05,
487,"Australe Scopuli",504.58,-83.48,-112.94,
488,"Australe Sulci",357.91,-84.99,133.06,
496,"Auxo Dorsum",82.05,-55.72,-41.76,
501,"Aveiro",9.11,21.28,-78.97,
503,"Avernus Cavi",115,-3.72,172.52,
504,"Avernus Colles",238.7,-1.73,171.02,
505,"Avernus Dorsa",296.59,-6.03,170.9,
506,"Avernus Rupes",223.32,-9.2,172.8,
515,"Axius Valles",435.95,-54.53,70.72,
517,"Ayacucho",2.59,38.18,-92.03,
521,"Ayr",12.74,-38.98,91.58,
525,"Azul",19.53,-42.07,-42.51,
526,"Azusa",39.25,-5.48,-40.32,
532,"Babakin",76.66,-36,-71.44,
539,"Bacht",7.86,18.66,102.7,
544,"Bacolor",21.58,32.99,118.6,
546,"Bada",2.52,20.35,-50.69,
551,"Baetis Chasma",92.21,-4.29,-64.87,
552,"Baetis Mensa",181.1,-5.17,-72.45,
557,"Bahn",11.93,-3.5,-43.32,
558,"Bahram Vallis",269.68,20.42,-57.14,
563,"Bak",3.13,18.05,103.78,
566,"Bakhuysen",152.9,-22.97,15.73,
571,"Balboa",21.95,-3.82,-33.88,
575,"Baldet",181.31,22.76,65.48,
582,"Balta",17.28,-23.82,-26.55,
583,"Baltia",0,59.71,-50,
585,"Baltisk",50.75,-42.27,-54.66,
586,"Balvicar",20.35,16.2,-53.24,
588,"Bamba",22.57,-3.36,-41.59,
589,"Bamberg",55.7,39.71,-3.1,
595,"Banff",5,17.51,-30.71,
596,"Banh",14.4,19.42,-55.5,
599,"Baphyras Catena",95.52,38.83,-84.16,
600,"Bar",2.06,-25.25,-19.5,
601,"Barabashov",120.67,47.33,-68.75,
609,"Barnard",121.11,-61.06,61.59,
612,"Baro",16.93,-24.8,110.7,
620,"Barsukov",68.45,7.97,-29.02,
629,"Basin",15.53,17.82,107,
637,"Batoka",14.96,-7.55,-36.65,
638,"Batoş",17.33,21.5,-29.5,
647,"Baykonyr",3.9,46.41,132.68,
648,"Bazas",16.43,-27.78,93.38,
655,"Becquerel",165.23,21.89,-7.94,
659,"Beer",85.5,-14.47,-8.17,
680,"Beltra",7.17,18.01,102.4,
683,"Belz",10.21,21.57,-43.23,
687,"Bend",3.7,-22.4,-27.74,
693,"Bentham",11.36,-55.78,-40.55,
694,"Bentong",10.32,-22.31,-19.04,
705,"Bernard",128.1,-23.24,-154.21,
712,"Berseba",36.83,-4.4,-37.6,
730,"Bhor",5.73,41.75,134.53,
735,"Bianchini",70.71,-63.85,-95.29,
737,"Biblis Patera",53.65,2.36,-123.82,
741,"Bigbee",20.86,-24.78,-34.75,
751,"Bira",2.7,25.1,-45.54,
757,"Bise",9.21,20.22,-56.83,
758,"Bison",15.28,-26.31,-29.15,
760,"Bjerknes",88.64,-43.01,171.48,
771,"Bland",6.63,18.3,108.76,
774,"Bled",7.69,21.58,-31.46,
777,"Blitta",12.95,-25.9,-20.96,
780,"Blois",11.58,23.6,-55.85,
781,"Bluff",6.75,23.47,110.03,
791,"Boeddicker",107.12,-14.82,162.49,
795,"Bogra",21.31,-24.16,-28.8,
801,"Bok",7.34,20.58,-31.6,
802,"Bole",8.54,25.35,-53.99,
807,"Bombala",37.14,-27.6,106.13,
811,"Bond",104.69,-32.79,-35.94,
814,"Bonestell",40.67,42,-30.39,
819,"Bor",4.28,18.17,-33.68,
821,"Bordeaux",2.01,23.13,-48.89,
825,"Boreosyrtis",0,54.68,70,
830,"Boru",10.87,-24.34,-27.87,
834,"Bosporos Planum",729.58,-33.87,-64.49,
835,"Bosporos Rupes",531.42,-42.74,-57.55,
840,"Bouguer",107.78,-18.46,27.27,
842,"Boulia",9.99,-22.89,111.32,
853,"Bozkir",79.89,-44.14,-32.18,
865,"Brashear",77.45,-53.81,-119.03,
867,"Brazos Valles",387.51,-6.08,18.7,
872,"Bremerhaven",2.69,23.7,-48.64,
876,"Briault",93.06,-9.98,89.68,
878,"Bridgetown",1.57,21.9,-47.08,
884,"Bristol",3,22.09,-46.93,
886,"Broach",11.31,23.51,-56.89,
888,"Bronkhorst",17.75,-10.7,-55.21,
901,"Brush",6.49,21.7,111.34,
915,"Bulhar",18.24,50.36,134.52,
919,"Bunge",70.83,-33.82,-48.59,
928,"Burroughs",112.69,-72.29,117.1,
929,"Burton",119.26,-13.88,-156.33,
931,"Buta",11.27,-23.25,-32.41,
936,"Butte",12.55,-5.08,-38.91,
938,"Buvinda Vallis",134.17,33.17,151.96,
942,"Byrd",123.27,-65.22,127.83,
945,"Byske",12.56,-4.97,-33.95,
961,"Cairns",8.73,23.56,-47.46,
966,"Calahorra",34.22,26.46,-38.65,
969,"Calamar",7.21,18.27,-54.87,
970,"Calbe",13.14,-25.14,-28.87,
981,"Calydon Fossa",351.25,-7.43,-87.98,
982,"Camargo",4.77,17.7,109.64,
987,"Camiling",21.91,-0.71,-38,
988,"Camiri",31.36,-44.65,-42.17,
991,"Campbell",125.26,-54.25,165.58,
992,"Campos",8.25,-21.8,-27.81,
995,"Can",8.62,48.21,-14.59,
996,"Canaveral",3.18,46.83,135.83,
997,"Canberra",3.1,47.2,132.66,
998,"Candor",0,2.96,-75,
999,"Candor Chaos",0,-6.94,-72.58,
1000,"Candor Chasma",810.61,-6.53,-70.78,
1001,"Candor Labes",134.94,-4.79,-75.99,
1002,"Candor Mensa",116.56,-6.26,-73.52,
1003,"Cangwu",13.64,41.85,-89.59,
1006,"Canso",26.42,21.36,-60.62,
1009,"Cantoura",51.59,14.84,-51.72,
1012,"Capri Chasma",1471.56,-8.27,-42.07,
1013,"Capri Mensa",282.35,-13.73,-47.19,
1034,"Cartago",36.57,-23.25,-17.97,
1041,"Casius",0,39.67,100,
1046,"Cassini",408.23,23.35,32.11,
1051,"Castril",2.19,-14.7,175.3,
1084,"Cave",8.2,21.61,-35.64,
1088,"Cavi Angusti",640.04,-78.16,-74.75,
1091,"Caxias",25.88,-28.95,-100.68,
1094,"Cañas",41.52,-31.19,89.86,
1095,"Cebrenia",0,49.67,150,
1096,"Cecropia",0,59.71,40,
1100,"Centauri Montes",271,-38.67,95.52,
1103,"Ceraunius",0,19.78,-93,
1104,"Ceraunius Catena",50.49,37.1,-108.09,
1105,"Ceraunius Fossae",1166.63,27,-110.15,
1106,"Ceraunius Tholus",128.58,24,-97.25,
1107,"Cerberus",0,14.83,155,
1108,"Cerberus Dorsa",623.05,-13.74,105.29,
1109,"Cerberus Fossae",1235,11.28,166.37,
1112,"Cerulli",114.28,32.2,22.12,
1114,"Ceti Chasma",49.77,-5.03,-68.37,
1115,"Ceti Mensa",133.95,-5.89,-76.02,
1119,"Chafe",4.67,15.1,102.41,
1122,"Chalce",0,-49.67,0,
1123,"Chalce Fossa",33.97,-51.67,-39.59,
1124,"Chalce Montes",100,-53.72,-37.65,
1125,"Chalcoporos Rupēs",404.98,-55.64,20.57,
1130,"Chamberlin",120.25,-65.84,-124.29,
1137,"Changsŏng",33.54,23.47,-57.34,
1141,"Chapais",36.67,-22.35,-20.55,
1148,"Charis Dorsum",251,-55.86,-41.47,
1149,"Charitum Montes",933.54,-58.1,-40.29,
1152,"Charleston",1.96,22.63,-47.8,
1154,"Charlier",106.28,-68.56,-168.47,
1155,"Charlieu",18.63,38.15,-83.99,
1157,"Charybdis Scopulus",551.26,-24.14,20.08,
1160,"Chasma Australe",352.61,-82.35,95.03,
1161,"Chasma Boreale",459.88,82.54,-47.64,
1162,"Chatturat",7.84,35.38,-94.94,
1164,"Chauk",9.97,23.35,-55.91,
1166,"Cheb",8.28,-24.2,-19.44,
1169,"Chefu",11.27,-22.91,112.24,
1170,"Chekalin",87.78,-24.28,-26.81,
1175,"Chersonesus",0,-49.67,100,
1177,"Chia",91.91,1.57,-59.65,
1179,"Chico Valles",446.35,-66.77,-152.23,
1181,"Chimbote",62.86,-1.42,-39.68,
1183,"Chincoteague",34.03,41.2,124.12,
1185,"Chinju",65.71,-4.52,-42.14,
1186,"Chinook",18.1,22.5,-55.46,
1188,"Chive",9.1,21.68,-56.01,
1193,"Choctaw",23.96,-41.19,-37.24,
1195,"Chom",5.58,38.57,-2.52,
1202,"Chryse",0,9.88,-30,
1203,"Chryse Planitia",1542.44,28.43,-40.31,
1204,"Chrysokeras",0,-49.67,-110,
1212,"Chur",4.39,16.93,-29.31,
1221,"Circle",11.8,-22.17,-25.53,
1227,"Clanis Valles",58,33.24,58.47,
1229,"Claritas",0,-34.68,-110,
1230,"Claritas Fossae",2030.64,-27.89,-104.24,
1231,"Claritas Rupes",952.87,-25.04,-105.26,
1233,"Clark",97.5,-55.14,-133.2,
1234,"Clasia Vallis",147,33.77,57.04,
1237,"Cleia Dorsum",131.69,-54.86,-45.99,
1247,"Clogh",11.2,20.56,-47.67,
1249,"Clota Vallis",114.36,-25.59,-20.5,
1251,"Clova",7.75,21.47,-52.05,
1252,"Cluny",14.84,-23.86,-27.3,
1255,"Cobalt",10.53,-25.79,-27.03,
1257,"Coblentz",101.75,-54.9,-90.31,
1258,"Cobres",93.76,-11.7,-153.6,
1270,"Colles Nili",653.67,38.72,62.88,
1272,"Coloe Fossae",575.89,36.65,56.78,
1274,"Columbus",112.6,-29.29,-165.98,
1275,"Colón",1.36,22.75,-47.07,
1276,"Comas Sola",120.24,-19.59,-158.51,
1283,"Conches",20.89,-4.22,-34.2,
1284,"Concord",20.46,16.53,-34.02,
1291,"Coogoon Valles",300,17.19,-21.74,
1293,"Cooma",17.85,-23.69,-108.35,
1295,"Copais Palus",0,54.68,80,
1297,"Copernicus",301.83,-48.84,-168.83,
1300,"Coprates",0,-14.83,-65,
1301,"Coprates Catena",302.06,-15,-62.09,
1302,"Coprates Chasma",958.31,-13.37,-60.74,
1303,"Coprates Labes",61.97,-11.82,-67.79,
1305,"Coracis Fossae",748.96,-35.82,-80.86,
1307,"Corby",6.62,42.88,137.56,
1315,"Coronae Montes",247.4,-34.31,86.11,
1316,"Coronae Scopulus",245.24,-33.26,64.94,
1319,"Cost",11.07,14.98,104.02,
1326,"Cray",6.98,44.1,-16.12,
1327,"Creel",9.19,-6.05,-38.85,
1332,"Crewe",3.68,-24.84,-19.53,
1335,"Crivitz",6.19,-14.55,174.79,
1338,"Crommelin",110.08,5.08,-10.14,
1341,"Cruls",87.89,-42.91,163.03,
1342,"Cruz",5.33,38.46,-1.97,
1346,"Cue",10.54,-35.84,93.23,
1351,"Curie",111.11,28.78,-4.75,
1355,"Cusus Valles",250.24,14.05,50.37,
1357,"Cyane Catena",204.06,36.25,-118.3,
1358,"Cyane Fossae",913.17,31.25,-121.17,
1359,"Cyane Sulci",335.94,25.4,-128.66,
1362,"Cyclopia",0,-4.94,130,
1363,"Cydnus Rupēs",1550.81,52.53,112.21,
1364,"Cydonia",0,39.67,0,
1365,"Cydonia Colles",362.78,39.07,-12.22,
1366,"Cydonia Labyrinthus",344.05,41.29,-12.06,
1367,"Cydonia Mensae",764.96,34.56,-12.33,
1370,"Cypress",14.67,-47.28,-47.35,
1375,"Cádiz",1.38,23.15,-49.03,
1377,"Da Vinci",96.3,1.47,-39.26,
1378,"Daan",12.22,-40.48,91.58,
1380,"Daedalia Planum",1922.02,-18.35,-125.95,
1383,"Daet",10.58,-7.29,-41.8,
1394,"Daly",79.72,-66.29,-23.12,
1398,"Dana",88.49,-72.49,-32.79,
1403,"Dank",8.29,21.96,107,
1409,"Dao Vallis",794,-37.61,88.89,
1416,"Darvel",22.36,17.78,-51.01,
1418,"Darwin",176.38,-56.97,-19.15,
1426,"Davies",48.06,45.96,0.09,
1431,"Dawes",185.32,-9.11,38.06,
1447,"de Vaucouleurs",302.27,-13.31,171,
1451,"Deba",8.8,-23.95,-17.3,
1460,"Dein",25.52,38.21,-2.51,
1463,"Dejnev",152.09,-25.14,-164.64,
1478,"Delta",7.89,-45.96,-39.17,
1479,"Deltoton Sinus",0,-3.95,55,
1490,"Denning",159.71,-17.43,33.52,
1493,"Depressio Hellespontica",0,-59.71,20,
1495,"Dersu",5.88,22.64,-51.89,
1499,"Dese",13.14,-45.41,-30.61,
1500,"Deseado",27,-80.62,70.29,
1504,"Dessau",9.95,-42.76,-53.13,
1506,"Deucalionis Regio",0,-14.83,20,
1507,"Deuteronilus",0,34.68,0,
1508,"Deuteronilus Colles",59.01,41.95,21.7,
1509,"Deuteronilus Mensae",919.17,45.11,23.92,
1511,"Deva Vallis",53.65,-7.67,-156.87,
1521,"Dia-Cau",29.47,-0.36,-42.66,
1522,"Diacria",0,49.67,-180,
1539,"Dingo",15.56,-23.71,-17.49,
1540,"Dinorwic",51.33,-30.03,-101.46,
1544,"Dioscuria",0,49.67,40,
1549,"Dison",20.67,-25.03,-16.5,
1550,"Dittaino Valles",157.42,-1.43,-66.86,
1552,"Dixie",28.44,17.78,-55.91,
1558,"Doanus Vallis",139.91,-63.02,-25.59,
1564,"Dokka",51.1,77.17,-145.76,
1565,"Dokuchaev",74.74,-60.62,-127.08,
1578,"Doon",3.79,23.53,109.51,
1588,"Dorsa Argentea",339.26,-77.63,-33.39,
1590,"Dorsa Brevia",650.99,-71.05,63.18,
1631,"Douglass",92.95,-51.34,-70.54,
1634,"Downe",28.13,-15.98,175.78,
1636,"Drava Valles",159.03,-48.86,165.99,
1639,"Drilon Vallis",118.53,7.17,-52.34,
1641,"Dromore",14.75,19.88,-49.58,
1650,"Du Martheray",96.12,5.45,93.58,
1651,"Du Toit",81.82,-71.62,-49.6,
1653,"Dubis Vallis",45.42,-5.16,-148.13,
1654,"Dubki",9.19,-34.97,-55.2,
1664,"Dunhuang",11.73,-80.84,-48.53,
1673,"Durius Valles",240,-17.3,171.98,
1675,"Dush",2.39,22.49,-54.02,
1687,"Dzeng",10.88,-80.51,-70.47,
1690,"Dzígai Vallis",327.31,-58.1,-36.59,
1700,"E. Mareotis Tholus",4.6,35.92,-85.13,
1702,"Eads",2.74,-28.48,-29.91,
1703,"Eagle",12.5,43.81,-8.17,
1706,"Eberswalde",62.19,-23.98,-33.3,
1710,"Echt",2.15,-21.97,-28.19,
1711,"Echus Chaos",480.51,10.79,-74.72,
1712,"Echus Chasma",391.1,2.47,-79.96,
1713,"Echus Fossae",421.03,2.61,-76.75,
1714,"Echus Montes",397.06,7.81,-77.95,
1716,"Edam",19.49,-26.28,-20.04,
1718,"Eddie",86.38,12.32,142.2,
1725,"Edom",0,0,15,
1729,"Eger",12.25,-48.29,-51.87,
1739,"Eil",5.56,41.73,-9.74,
1750,"Ejriksson",46.63,-19.2,-173.83,
1756,"Elath",13.23,45.87,-13.6,
1758,"Elaver Vallis",178.92,-9.38,-49.52,
1760,"Electris",0,-44.66,170,
1764,"Elim",43.63,-80.17,96.8,
1771,"Ellsley",10.94,36.29,-83.3,
1778,"Ely",10.43,-23.62,-27.3,
1779,"Elysium",0,24.74,150,
1780,"Elysium Catena",48.5,17.69,149.73,
1781,"Elysium Chasma",130,22.39,141.51,
1782,"Elysium Fossae",1044,24.08,146.14,
1783,"Elysium Mons",401,25.02,147.21,
1784,"Elysium Planitia",3000.79,2.98,154.74,
1785,"Elysium Rupes",140.5,25.24,148.04,
1803,"Enipeus Vallis",527.07,36.8,-92.8,
1809,"Eos Chaos",497.85,-16.82,-46.52,
1810,"Eos Chasma",1305.69,-12.15,-39.17,
1811,"Eos Mensa",346.67,-11.01,-42.16,
1821,"Erebus Montes",811.67,35.66,-174.98,
1826,"Eridania",0,-44.66,140,
1827,"Eridania Scopulus",1017.66,-52.61,141.79,
1839,"Erythraea Fossa",155.19,-27.27,-30.94,
1841,"Escalante",75.26,0.19,115.39,
1844,"Escorial",22.24,76.89,-55.04,
1846,"Esk",3.67,45.21,-7.02,
1850,"Espino",12.05,-19.69,110.34,
1864,"Eudoxus",98.51,-44.52,-147.22,
1868,"Eumenides Dorsum",569.26,4.79,-156.4,
1869,"Eunostos",0,21.77,-120,
1872,"Euphrates",0,19.78,25,
1873,"Euripus Mons",88.91,-44.82,105.18,
1889,"Evpatoriya",1.04,46.95,134.36,
1890,"Evros Vallis",358.01,-12.65,13.83,
1902,"Faith",5.3,42.92,-11.83,
1906,"Falun",10.01,-23.96,-24.67,
1909,"Faqu",12.25,-24.54,106.34,
1915,"Fastov",11.12,-25.04,-20.37,
1933,"Felis Dorsa",244,-21.87,-65.9,
1935,"Fenagh",6.22,34.29,144.37,
1948,"Fesenkov",87.38,21.66,-86.53,
1973,"Flammarion",173.7,25.22,48.28,
1976,"Flat",3.04,-25.42,-19.55,
1978,"Flaugergues",236.06,-16.8,19.22,
1981,"Floq",2.55,14.94,107.16,
1982,"Flora",18.31,-44.67,-51.45,
1989,"Focas",72.02,33.56,12.75,
1991,"Fontana",80.06,-62.91,-72.12,
1995,"Foros",24.54,-33.4,-27.87,
1996,"Fortuna Fossae",324.28,4.64,-92.69,
2004,"Fournier",114.28,-4.3,72.64,
2019,"Freedom",12.74,43.36,-8.98,
2021,"Frento Vallis",251.09,-50.03,-14.84,
2040,"Funchal",1.62,22.98,-49.44,
2047,"Gaan",3.01,38.66,-3.4,
2055,"Gagra",13.41,-20.64,-22.1,
2056,"Gah",2.78,-44.69,-32.64,
2065,"Galaxias Chaos",234.48,33.83,146.52,
2066,"Galaxias Colles",610.34,36.8,147.48,
2067,"Galaxias Fluctūs",607.03,30.96,143.03,
2068,"Galaxias Fossae",552,36.63,142,
2069,"Galaxius Mons",22.23,34.76,142.31,
2070,"Galdakao",33.44,-13.34,176.63,
2071,"Gale",154.08,-5.37,137.81,
2073,"Gali",25.86,-43.75,-37.19,
2075,"Galilaei",137.17,5.72,-26.91,
2080,"Galle",223.53,-50.63,-31,
2082,"Galu",13.57,-22.08,-21.67,
2089,"Gander",36.08,-31.26,94.22,
2090,"Gandu",9.49,-45.38,-47.28,
2092,"Gandzani",51.91,34.24,-90.83,
2094,"Ganges Catena",81.27,-2.7,-68.78,
2095,"Ganges Cavus",43.11,-10.09,-51.45,
2096,"Ganges Chasma",574.08,-7.96,-47.89,
2097,"Ganges Mensa",135.9,-7.23,-48.75,
2105,"Gardo",15.53,-26.67,-24.77,
2107,"Gari",9.43,-35.88,-71.23,
2109,"Garm",4.8,48.25,-9.06,
2113,"Gastre",7.1,24.61,112.53,
2132,"Gehon",0,14.83,0,
2151,"Geryon Montes",377.83,-7.72,-81.62,
2157,"Gigas Fossae",190,3.55,-129.56,
2158,"Gigas Sulci",418.56,10.02,-127.73,
2160,"Gilbert",121.34,-68,86.08,
2164,"Gill",83.17,15.76,5.55,
2187,"Glazov",22.02,-20.62,-26.59,
2188,"Gledhill",78.47,-53.17,87.1,
2189,"Glendore",8.23,18.34,-51.67,
2190,"Glide",9.85,-8.13,-43.18,
2191,"Globe",50.74,-23.68,-27.35,
2197,"Goba",10.9,-23.22,-21.01,
2205,"Goff",7.95,23.26,104.86,
2207,"Gol",9.53,47.15,-10.64,
2208,"Gold",8.91,20.03,-31.24,
2209,"Golden",19.59,-22.01,-33.49,
2211,"Goldstone",1.03,47.77,134.58,
2219,"Gonnus Mons",49.38,41.21,-90.88,
2222,"Gordii Dorsum",481.56,4.11,-144.14,
2223,"Gordii Fossae",369,14.83,-127.6,
2224,"Gorgonum Chaos",150.71,-37.26,-170.9,
2225,"Gori",6.43,-22.95,-28.83,
2234,"Graff",154.49,-21.18,153.81,
2237,"Granicus Valles",777.78,30.58,129.97,
2244,"Green",182.07,-52.3,-8.54,
2257,"Grjótá Valles",343.77,15.38,166.38,
2260,"Groves",10.27,-4.06,-44.55,
2264,"Grójec",37.31,-21.47,-30.84,
2266,"Guaymas",20.12,25.66,-45.03,
2274,"Guir",18.2,-21.54,-20.5,
2278,"Gulch",8.32,15.85,109.02,
2284,"Gunnison",39.57,-43.67,102.92,
2289,"Gusev",158.12,-14.53,175.52,
2294,"Gwash",4.75,38.96,-3.16,
2309,"Hadley",115.46,-19.26,156.97,
2310,"Hadriaca Patera",66.04,-30.2,92.79,
2320,"Haldane",76.75,-52.75,129.26,
2322,"Hale",137.31,-35.69,-36.36,
2323,"Halex Fossae",147.25,27.35,-126.04,
2331,"Halley",83.72,-48.34,-59.27,
2336,"Ham",1.59,-44.67,-32.5,
2337,"Hamaguir",0.82,48.68,132.51,
2338,"Hamelin",9.74,20.25,-32.75,
2345,"Handlová",4.39,37.69,-88.59,
2360,"Harad̦",8.06,-27.46,-28.01,
2367,"Harmakhis Vallis",526.66,-40.98,90.06,
2377,"Hartwig",99.33,-38.66,-15.86,
2401,"Heaviside",83.28,-70.5,-95.22,
2402,"Hebes Chasma",316.74,-1.07,-76.06,
2403,"Hebes Mensa",112.46,-1.02,-76.78,
2404,"Hebrus Valles",325,19.88,126.74,
2407,"Hecates Tholus",181.57,32.12,150.24,
2411,"Hegemone Dorsum",143.63,-54.72,-44.9,
2415,"Heinlein",85.34,-64.48,116.31,
2429,"Hellas",0,-39.67,70,
2430,"Hellas Chaos",590.62,-47.12,64.41,
2431,"Hellas Montes",159.65,-37.63,97.61,
2432,"Hellas Planitia",2299.16,-42.43,70.5,
2434,"Hellespontus",0,-49.67,35,
2435,"Hellespontus Montes",711.46,-44.37,42.76,
2439,"Helmholtz",111.26,-45.4,-21.27,
2452,"Henry",167.57,10.79,23.45,
2457,"Hephaestus Fossae",633.32,20.84,122.85,
2459,"Hephaestus Rupēs",1707.44,23.54,114.9,
2463,"Her Desher Vallis",117.29,-25.08,-47.93,
2466,"Herculaneum",34.71,19.31,-58.65,
2473,"Hermus Vallis",53.32,-5.32,-147.81,
2479,"Herschel",297.92,-14.48,129.89,
2486,"Hesperia",0,-19.78,120,
2487,"Hesperia Dorsa",818.25,-22.8,113.16,
2488,"Hesperia Planum",1601.73,-21.42,109.89,
2496,"Hibes Montes",140,3.79,171.34,
2497,"Hiddekel",0,14.83,15,
2507,"Himera Valles",175,-21.54,-22.66,
2517,"Hipparchus",94.81,-44.45,-151.2,
2540,"Holden",152.66,-26.04,-34.02,
2544,"Holmes",114.06,-74.86,66.55,
2547,"Honda",9.26,-22.4,-16.4,
2549,"Hooke",137.65,-44.92,-44.4,
2550,"Hope",7.26,44.84,-10.3,
2553,"Horarum Mons",20.5,-51.05,-36.56,
2561,"Houston",1.98,48.23,135.95,
2565,"Hrad Vallis",974.4,38.17,135.91,
2568,"Hsūanch'eng",1.99,46.72,132.69,
2570,"Huancayo",24.34,-3.64,-39.77,
2575,"Huggins",82.64,-49.04,155.84,
2585,"Huo Hsing Vallis",332.3,30.19,66.61,
2591,"Hussey",99.71,-53.32,-126.59,
2593,"Hutton",91.74,-71.63,104.6,
2595,"Huxley",106.52,-62.67,100.77,
2596,"Huygens",467.25,-13.88,55.58,
2598,"Hyblaeus Catena",10.49,21.6,140.62,
2599,"Hyblaeus Chasma",56.61,21.98,141.26,
2600,"Hyblaeus Dorsa",887.53,13.16,130.32,
2601,"Hyblaeus Fossae",375,21.44,137.06,
2603,"Hydaspis Chaos",336.04,3.09,-26.93,
2604,"Hydrae Chasma",55.18,-6.75,-62.01,
2605,"Hydraotes Chaos",419.04,1.12,-35.29,
2609,"Hypanis Valles",220,9.46,-46.42,
2611,"Hyperboreae Undae",463.65,79.96,-49.49,
2612,"Hyperborei Cavi",92.81,79.91,-49.7,
2613,"Hyperboreus (Lacus)",0,74.83,-60,
2614,"Hyperboreus Labyrinthus",111.97,80.28,-59.75,
2616,"Hypsas Vallis",36.47,33.63,57.99,
2621,"Hīt",7.09,47.06,138.35,
2625,"Iamuna Chaos",21.72,-0.28,-40.61,
2626,"Iamuna Dorsa",38.18,20.97,-50.4,
2629,"Iani Chaos",450.51,-2.19,-17.04,
2630,"Iapygia (Iapigia)",0,-19.78,65,
2632,"Iberus Vallis",87.26,21.25,152.07,
2637,"Ibragimov",86.77,-25.43,-59.57,
2639,"Icaria",0,-39.67,-130,
2640,"Icaria Fossae",2115.45,-48.09,-125.16,
2641,"Icaria Planum",566.59,-43.27,-106.04,
2647,"Idaeus Fossae",202.01,37.33,-51.2,
2654,"Igal",8.83,-20.09,110.9,
2657,"II Thyle I",0,-69.78,-180,
2658,"Ikej",4.51,20.96,112.5,
2677,"Imgr",3.42,19.12,111.18,
2688,"Indus Vallis",342,18.95,38.88,
2698,"Innsbruck",59,-6.39,-39.96,
2700,"Ins",2.78,24.49,108.9,
2701,"Inta",16.12,-24.36,-25.1,
2703,"Inuvik",20.52,78.59,-28.32,
2713,"Irbit",12.73,-24.34,-24.91,
2715,"Irharen",6.48,34.49,140.82,
2726,"Isara Valles",5.36,-5.31,-146.42,
2734,"Isidis Dorsa",1074.7,12.92,88.21,
2735,"Isidis Planitia",1224.58,13.94,88.38,
2737,"Isil",77.12,-27.02,87.93,
2741,"Ismeniae Fossae",286.91,41.31,38.35,
2742,"Ismenius Lacus",0,39.67,30,
2745,"Issedon Paterae",5.31,38.13,-90.25,
2746,"Issedon Tholus",54.53,36.05,-94.83,
2748,"Ister Chaos",109.1,12.95,-56.56,
2754,"Ituxi Vallis",123.07,25.45,153.32,
2757,"Ius Chasma",839.91,-7.29,-84.39,
2758,"Ius Labes",61.18,-7.47,-78.46,
2775,"Izendy",22.26,-28.88,-101.44,
2787,"Jal",4.81,-26.25,-28.76,
2790,"Jama",2.9,21.39,-53.18,
2792,"Jampur",27.9,38.71,-81.55,
2793,"Jamuna",0,9.88,-40,
2801,"Janssen",153.63,2.69,37.61,
2807,"Jarry-Desloges",93.36,-9.37,83.85,
2815,"Jeans",73.6,-69.64,154.18,
2817,"Jen",8.88,39.88,-10.57,
2826,"Jezža",9.22,-48.42,-37.92,
2828,"Jijiga",16.16,25.11,-53.95,
2833,"Jodrell",3.02,47.47,132.3,
2835,"Johannesburg",1.22,47.92,133.19,
2837,"Johnstown",3.36,-9.8,-51.07,
2841,"Joly",76.99,-74.5,-42.69,
2843,"Jones",90.11,-18.88,-19.83,
2849,"Jovis Fossae",348.63,19.77,-115.83,
2850,"Jovis Tholus",58.07,18.2,-117.41,
2863,"Jumla",49.23,-21.29,86.44,
2874,"Juventae Chasma",304.99,-3.37,-61.39,
2875,"Juventae Dorsa",481.41,0.39,-71.02,
2876,"Juventae Fons",0,-4.94,-63,
2880,"Kachug",4.86,18.15,107.59,
2884,"Kagoshima",1.32,47.32,135.73,
2885,"Kagul",9.13,-23.73,-19.03,
2890,"Kaiser",201.67,-46.19,19.11,
2892,"Kaj",1.83,-27.05,-29.39,
2893,"Kakori",28.09,-41.49,-29.85,
2898,"Kaliningrad",1.47,48.47,134.96,
2905,"Kamativi",58.81,-20.5,99.99,
2908,"Kamloops",63.96,-53.45,-32.6,
2909,"Kampot",13.23,-41.78,-45.59,
2911,"Kanab",14.55,-27.2,-19,
2918,"Kansk",33.35,-20.52,-17.27,
2920,"Kantang",52.44,-24.44,-17.58,
2933,"Karpinsk",28.84,-45.57,-32.15,
2937,"Karshi",21.52,-23.28,-19.32,
2938,"Kartabo",19.41,-40.85,-52.46,
2941,"Kasabi",41.09,-27.77,89.06,
2942,"Kasei Valles",1580,25.14,-62.88,
2943,"Kashira",65.8,-27.09,-18.31,
2944,"Kasimov",87.18,-24.63,-22.94,
2947,"Kasra",3.46,21.98,103.63,
2958,"Katoomba",51.24,-79.01,127.81,
2964,"Kaup",3.21,22.63,-33.16,
2967,"Kaw",10.72,16.4,104.28,
2972,"Kayne",33.82,-15.5,173.56,
2977,"Keeler",90.19,-60.69,-151.24,
2986,"Kem'",3.62,-44.94,-32.97,
2991,"Kepler",228.24,-46.69,140.98,
2995,"Keul'",5.81,45.99,122.23,
3004,"Khanpur",2.68,20.73,102,
3011,"Kholm",11.08,-7.21,-42,
3017,"Khurli",8.78,-20.94,112.96,
3027,"Kifrī",13.89,-45.64,-54.31,
3031,"Kimry",20.64,-20.14,-16.32,
3034,"Kin",8.1,20.2,-33.38,
3036,"Kinda",14.04,-25.69,-105.15,
3039,"Kingston",1.52,22.11,-47.04,
3042,"Kinkora",51.09,-24.95,112.88,
3044,"Kipini",67.26,25.86,-31.56,
3051,"Kirs",3.46,-26.31,-19.44,
3052,"Kirsanov",15.08,-22.2,-25.12,
3053,"Kisambo",15.22,34.07,-88.92,
3056,"Kita",10.72,-22.78,-17.18,
3066,"Knobel",123.31,-6.57,133.31,
3070,"Koga",19.17,-28.96,-103.76,
3075,"Kok",6.13,15.65,-28.07,
3084,"Kong",11.66,-5.36,-38.57,
3091,"Korolev",81.37,72.77,164.58,
3092,"Korph",7.33,19.34,105.45,
3102,"Kourou",1.84,46.73,132.78,
3106,"Koval'sky",296.67,-29.56,-141.54,
3107,"Koy",7.12,21.47,-50.41,
3116,"Krasnoye",6.55,35.85,143.84,
3119,"Kribi",13.18,-43,-43.51,
3122,"Krishtofovich",111.09,-48.09,97.34,
3134,"Kuba",26.59,-25.31,-19.64,
3136,"Kufra",37.48,40.36,120.3,
3139,"Kuiper",81.78,-56.99,-157.13,
3141,"Kular",8.48,16.39,108.14,
3148,"Kumak",13.5,-35.47,-68.07,
3151,"Kumara",11.87,43.03,128.56,
3158,"Kunes",15.13,-25.24,107.94,
3162,"Kunowsky",66.29,56.82,-9.64,
3171,"Kushva",37.55,-43.96,-35.51,
3179,"Kāid",7.67,-4.46,-44.7,
3188,"La Paz",1.39,21.05,-49.03,
3190,"Labeatis Catenae",220.6,19.49,-93.17,
3191,"Labeatis Fossae",1496.36,24.58,-84.53,
3192,"Labeatis Mensa",124.67,25.5,-74.47,
3193,"Labeatis Mons",42.78,37.48,-75.86,
3194,"Labou Vallis",257.79,-8.63,-154.42,
3195,"Labria",52.64,-34.94,-48.07,
3200,"Lachute",15.15,-4.27,-39.76,
3224,"Ladon Valles",244.59,-22.43,-28.61,
3226,"Laestrygon (Laestrigon)",0,0,160,
3227,"Laf",2.86,48.01,-5.9,
3230,"Lagarto",19.79,49.86,-8.29,
3250,"Lamas",22.99,-26.99,-20.64,
3254,"Lambert",92.53,-19.97,25.39,
3257,"Lamont",76.62,-58.17,-113.54,
3260,"Lampland",76.78,-35.54,-79.52,
3263,"Land",5.2,48.26,-8.72,
3277,"Lapri",3.01,20.32,107.49,
3278,"Lar",6.85,-25.83,-29.1,
3287,"Lassell",85.6,-20.61,-62.46,
3288,"Lasswitz",108.04,-9.31,138.31,
3296,"Lau",106.92,-74.3,-107.48,
3314,"Le Verrier",137.55,-37.71,17.1,
3324,"Lebu",19.34,-20.29,-19.47,
3339,"Leleque",8.43,36.46,138.17,
3341,"Lemgo",15.73,-42.5,-34.79,
3344,"Lemuria",0,69.78,160,
3349,"Lenya",14.96,-26.72,-106.8,
3365,"Leuk",3.44,23.91,-55.01,
3371,"Lexington",5.17,21.81,-48.63,
3379,"Li Fan",105.58,-46.88,-153.06,
3382,"Liais",122.78,-75.3,106.93,
3387,"Libertad",31.19,23.06,-29.41,
3389,"Libya",0,0,90,
3391,"Libya Montes",1043.63,1.44,88.23,
3395,"Licus Vallis",240,-3.05,126.35,
3414,"Linpu",18.16,18.14,113.21,
3415,"Lins",6.17,15.76,-29.8,
3420,"Liris Valles",596.24,-10.5,58.25,
3422,"Lisboa",1.17,21.24,-47.59,
3426,"Littleton",7.35,15.7,107.14,
3428,"Liu Hsin",134.51,-53.2,-171.55,
3430,"Livny",9.29,-27.16,-29.12,
3432,"Llanesco",29.4,-28.18,-101.11,
3440,"Lobo Vallis",80,26.82,-61.17,
3441,"Locana",6.64,-3.39,-38.09,
3444,"Lockyer",71.35,27.84,160.51,
3445,"Locras Valles",351.32,8.84,48.26,
3446,"Lod",7.6,20.98,-31.54,
3448,"Lodwar",15.01,-55.09,-43.32,
3454,"Lohse",151.01,-43.24,-16.69,
3455,"Loire Valles",790,-17.69,-17.03,
3457,"Loja",9.9,41.22,136.21,
3461,"Lomela",11.16,-81.65,-56.19,
3463,"Lomonosov",130.53,65.04,-9.24,
3464,"Longa",10.97,-20.67,-25.94,
3469,"Loon",7.71,-18.84,113.45,
3474,"Lorica",58.49,-19.83,-28.33,
3476,"Los",8.05,-35.08,-76.23,
3479,"Lota",14.68,46.32,-11.8,
3480,"Loto",22.14,-21.88,-22.44,
3484,"Louros Valles",516.14,-8.41,-81.77,
3492,"Lowbury",17.18,42.41,-92.92,
3494,"Lowell",202.22,-51.96,-81.5,
3504,"Luck",7.75,17.26,-36.91,
3506,"Lucus Planum",899.87,-4.99,-177.17,
3509,"Luga",44.56,-44.25,-47.42,
3512,"Luki",20.8,-29.53,-37.37,
3517,"Lunae Mensa",114.75,23.91,-62.5,
3518,"Lunae Palus",0,14.83,-65,
3519,"Lunae Planum",1817.66,10.79,-65.51,
3524,"Lutsk",4.85,38.7,-3.09,
3525,"Luzin",101.04,27.06,31.28,
3529,"Lycus Sulci",1350.61,28.14,-144.47,
3530,"Lydda",33.83,24.42,-31.95,
3533,"Lyell",121.83,-69.91,-15.47,
3538,"Lyot",221.53,50.47,29.34,
3561,"Mad Vallis",537.37,-56.27,76.47,
3567,"Madrid",3.8,48.45,135.44,
3573,"Mafra",13.35,-44.02,-53.15,
3575,"Magadi",50.79,-34.52,-46.07,
3579,"Magelhaens",103.8,-32.36,-174.58,
3580,"Maggini",139.06,27.78,9.5,
3583,"Mago",2.74,15.92,105.36,
3594,"Maidstone",9.39,-41.56,-54.22,
3596,"Main",110.99,-76.54,49.01,
3598,"Maja Valles",1515,10.23,-58.38,
3604,"Malea Patera",241.61,-63.54,51.59,
3605,"Malea Planum",872.47,-65.82,62.94,
3618,"Mamers Valles",1020,40.65,17.94,
3621,"Manah",9.9,-4.66,-33.61,
3626,"Mandora",55.94,12.22,-53.63,
3627,"Mangala Fossa",695,-17.27,-145.88,
3628,"Mangala Valles",900,-11.32,-151.39,
3639,"Manti",15.64,-3.58,-37.57,
3648,"Manzī",7.52,-22.15,-27.47,
3651,"Maraldi",118.24,-61.92,-31.96,
3654,"Marbach",24.74,17.65,111.03,
3655,"Marca",78.35,-9.98,-158.15,
3663,"Mare Acidalium",0,44.66,-30,
3666,"Mare Australe",0,-59.71,-10,
3667,"Mare Boreum",0,59.71,-180,
3668,"Mare Chronium",0,-57.7,150,
3669,"Mare Cimmerium",0,-19.78,140,
3672,"Mare Erythraeum",0,-24.74,-40,
3675,"Mare Hadriacum",0,-39.67,90,
3687,"Mare Serpentis",0,-29.71,40,
3688,"Mare Sirenum",0,-29.71,-155,
3692,"Mare Tyrrhenum",0,-19.78,105,
3695,"Mareotis Fossae",1907.94,44.34,-76.12,
3699,"Margaritifer Chaos",383.67,-9.3,-21.7,
3700,"Margaritifer Sinus",0,-9.88,-25,
3701,"Margaritifer Terra",2733.22,-1.85,-24.92,
3703,"Mari",37.05,-52.01,-45.88,
3711,"Mariner",156.58,-34.68,-164.24,
3723,"Marte Vallis",231.43,14.08,-177.1,
3725,"Marth",96.69,12.94,-3.45,
3729,"Martz",92.74,-34.91,144.18,
3746,"Masursky",115.34,12.07,-32.31,
3752,"Matrona Vallis",61.28,-7.66,176.19,
3755,"Maumee Valles",390,19.51,-52.85,
3757,"Maunder",90.84,-49.6,1.75,
3763,"Mawrth Vallis",634.63,22.43,-16.97,
3772,"Ma'adim Vallis",913.11,-21.98,177.5,
3782,"McLaughlin",90.92,21.9,-22.37,
3784,"McMurdo",26.9,-84.38,0.59,
3794,"Medrissa",19.52,18.64,-56.57,
3795,"Medusae Fossae",278.52,-2.17,-164.2,
3796,"Medusae Sulci",191.52,-5.04,-159.7,
3799,"Mega",16.95,-1.43,-36.9,
3801,"Meget",4.59,18.86,107.31,
3812,"Melas Chasma",563.52,-10.52,-72.54,
3813,"Melas Dorsa",486.81,-18.92,-72.1,
3814,"Melas Fossae",568.18,-26.28,-71.52,
3815,"Melas Labes",107.24,-8.53,-71.7,
3821,"Mellish",104.95,-72.63,-23.74,
3826,"Memnonia",0,-19.78,-150,
3827,"Memnonia Fossae",1585.28,-23.63,-153.82,
3828,"Memnonia Sulci",452.66,-7.16,-175.83,
3831,"Mena",29.91,-32.11,-18.76,
3836,"Mendel",77.32,-58.78,161.25,
3839,"Mendota",8.86,35.83,138.33,
3854,"Meridiani Planum",1058.53,-0.04,-3.14,
3858,"Meroe",0,34.68,75,
3859,"Meroe Patera",52.6,6.98,68.77,
3886,"Mie",100.91,48.16,139.65,
3891,"Mila",10.87,-27.16,-20.75,
3893,"Milankovič",113.51,54.46,-146.58,
3896,"Milford",24.97,-52.41,-41.49,
3901,"Millman",73.84,-53.95,-149.64,
3902,"Millochau",112.89,-21.19,85.1,
3912,"Minio Vallis",90,-4.38,-151.67,
3924,"Mirtos",6.38,22.12,-51.76,
3930,"Mistretta",16.56,-24.68,-109.13,
3931,"Mitchel",135.9,-67.53,76.01,
3937,"Mliba",11.85,-39.61,87.98,
3939,"Moab",0,19.78,10,
3943,"Moeris Lacus",0,7.91,90,
3945,"Mohawk",17.49,42.89,-5.35,
3951,"Mojave",57.97,7.48,-32.99,
3953,"Molesworth",168.87,-27.5,149.27,
4021,"Montevallo",50.42,15.25,-54.27,
4033,"Morella",76.97,-9.58,-51.39,
4035,"Moreux",131.55,41.79,44.54,
4041,"Morpheos Rupes",404.15,-36,125.58,
4046,"Mosa Vallis",191.6,-15.09,22.2,
4050,"Moss",9.09,19.23,109.49,
4068,"Munda Vallis",9.13,-5.37,-146.17,
4073,"Murgoo",22.64,-23.64,-22.45,
4080,"Mut",6.97,22.36,-35.76,
4082,"Mutch",198.81,0.6,-55.21,
4092,"Mädler",124.16,-10.65,2.77,
4096,"Müller",120.51,-25.74,127.89,
4097,"N. Mareotis Tholus",3.58,36.38,-86.21,
4098,"Naar",11.34,22.91,-42.13,
4113,"Naic",8.68,24.45,107.44,
4115,"Nain",6.89,41.47,126.84,
4116,"Naju",8.03,44.99,122.86,
4119,"Naktong Vallis",669.63,4.89,33.39,
4133,"Nan",2.29,-26.69,-19.94,
4136,"Nanedi Valles",550,5.05,-48.62,
4143,"Nansen",74.63,-49.92,-140.42,
4153,"Nardo",25.1,-27.51,-32.84,
4155,"Naro Vallis",442.72,-4,60.71,
4164,"Naukan",7.47,21.25,-30.58,
4169,"Navan",24.86,-25.89,-23.5,
4173,"Nazca",15.01,-31.63,93.67,
4183,"Nectar",0,-27.72,-72,
4184,"Nectaris Fossae",623.07,-23.09,-57.16,
4192,"Negele",36.93,-35.8,96,
4198,"Neith Regio",0,37.67,88,
4199,"Neive",2.79,23.18,107.07,
4202,"Nema",14.54,20.7,-52.13,
4205,"Nepa",16.16,-24.97,-19.67,
4206,"Nepenthes",0,19.78,100,
4207,"Nepenthes Mensae",2176.23,9.19,119.42,
4213,"Nereidum Fretum",0,-44.66,-55,
4214,"Nereidum Montes",1142.58,-37.57,-43.21,
4222,"Nestus Valles",38.25,-7.03,-158.48,
4228,"Never",2.75,23.5,105.77,
4229,"New Bern",1.73,21.53,-49.15,
4230,"New Haven",1.51,22.08,-49.26,
4231,"New Plymouth",31.54,-15.78,175.87,
4233,"Newcomb",254.13,-24.27,1.04,
4234,"Newport",1.97,22.24,-48.96,
4236,"Newton",299.94,-40.5,-158.03,
4242,"Nhill",23.7,-28.68,-103.33,
4243,"Nia Fossae",379.56,-14.73,-71.77,
4244,"Nia Vallis",140,-53.53,-34.81,
4246,"Nicer Vallis",22.6,-6.96,-158.19,
4249,"Nicholson",102.45,0.21,-164.43,
4258,"Nier",46.3,42.79,106.11,
4259,"Niesten",114.81,-28,57.75,
4260,"Nif",8.48,19.91,-56.24,
4261,"Niger Vallis",360,-34.96,92.57,
4271,"Nili Fossae",727.91,22.02,76.69,
4272,"Nili Patera",67.51,8.97,67.17,
4273,"Niliacus Lacus",0,29.71,-30,
4274,"Nilokeras",0,29.71,-55,
4275,"Nilokeras Fossa",267,24.59,-57.83,
4276,"Nilokeras Mensae",450.88,30.48,-51.95,
4277,"Nilokeras Scopulus",901.48,31.72,-55.85,
4278,"Nilosyrtis",0,41.66,70,
4279,"Nilosyrtis Mensae",676.03,34.77,68.47,
4281,"Nilus Chaos",283,25.39,-76.95,
4282,"Nilus Dorsa",292.9,20.68,-79.06,
4283,"Nilus Mensae",206.84,22.2,-72.23,
4305,"Nipigon",8.89,33.76,-81.84,
4307,"Nirgal Vallis",610,-28.16,-41.68,
4313,"Nitro",29.34,-21.26,-24,
4314,"Nix Olympica",0,19.78,-130,
4316,"Njesko",27.77,-35.25,85.11,
4318,"Noachis",0,-44.66,30,
4319,"Noachis Terra",5519.45,-50.41,-5.16,
4323,"Noctis Fossae",712.73,-2.69,-98.85,
4324,"Noctis Labyrinthus",1190.31,-6.36,-101.19,
4327,"Noma",40.49,-25.43,-24.31,
4332,"Nordenskiöld",85.6,-52.37,-158.76,
4343,"Northport",18.44,18.52,-54.48,
4347,"Novara",86.98,-24.9,-10.69,
4357,"Nune",8.47,17.55,-38.76,
4365,"Nutak",11.26,17.41,-30.26,
4392,"Ocampo",7.16,32.67,138.3,
4393,"Oceanidum Fossa",167.16,-61.58,-29.51,
4394,"Oceanidum Mons",33.39,-54.93,-41.23,
4396,"Ochakov",31.05,-42.11,-31.86,
4397,"Ochus Valles",127,7.07,-45.04,
4398,"Octantis Cavi",71.21,-52.57,-45.97,
4399,"Octantis Mons",19.09,-55.26,-42.85,
4413,"Oglala",17.59,-3.11,-38.11,
4415,"Ogygis Regio",0,-44.66,-65,
4416,"Ogygis Rupes",184.23,-33.03,-54.53,
4426,"Okhotsk",1.67,22.97,-47.33,
4428,"Okotoks",21.78,-21.21,84.41,
4436,"Olenek",3.06,19.87,-54.22,
4444,"Olom",5.89,22.96,-57.66,
4446,"Oltis Valles",169.3,-23.5,-21.65,
4450,"Olympia",0,79.88,160,
4451,"Olympia Undae",1507.96,81.16,178.48,
4452,"Olympica Fossae",420,24.85,-113.92,
4453,"Olympus Mons",610.13,18.65,-133.8,
4454,"Olympus Rupes",100,18.4,-133.56,
4458,"Ome",2.85,20.6,104.02,
4469,"Onon",3.42,16.13,102.48,
4470,"Oodnadatta",25.44,-52.43,-34.17,
4473,"Ophir",0,-9.88,-65,
4474,"Ophir Catenae",509,-9.46,-59.4,
4475,"Ophir Cavus",36.72,-9.89,-55.04,
4476,"Ophir Chasma",314.71,-4,-72.35,
4477,"Ophir Labes",92.53,-11.01,-68.28,
4478,"Ophir Planum",642.24,-8.45,-57.82,
4483,"Oraibi",32.37,17.22,-32.34,
4484,"Orcus Patera",387.64,14.13,178.35,
4486,"Ore",7.15,16.78,-33.93,
4491,"Orinda",9.03,45.37,126.98,
4499,"Orson Welles",115.99,-0.19,-45.9,
4501,"Ortygia",0,59.71,0,
4502,"Ortygia Colles",255.62,53.9,-9.3,
4513,"Ostrov",72.98,-26.55,-28.11,
4515,"Osuga Valles",164,-15.31,-38.59,
4523,"Oti Fossae",373.59,-9.63,-117.09,
4526,"Ottumwa",51.62,24.58,-55.75,
4528,"Oudemans",124.16,-9.84,-91.77,
4533,"Oxia Chaos",24.12,0.22,-39.87,
4534,"Oxia Colles",595.24,21.24,-26.27,
4535,"Oxia Palus",0,7.91,-18,
4536,"Oxus",0,19.78,-12,
4542,"Pabo",9.18,-26.9,-23.08,
4547,"Padus Vallis",57.42,-4.52,-149.98,
4551,"Paks",6.9,-7.66,-42.04,
4552,"Palana",4.53,21.04,102.02,
4559,"Pallacopas Vallis",134.77,-54.73,-20.48,
4564,"Palos",54.82,-2.69,110.9,
4572,"Panchaia",0,59.71,160,
4573,"Panchaia Rupēs",1113.4,64.37,129.83,
4574,"Pandorae Fretum",0,-24.74,44,
4585,"Paraná Valles",329.13,-23.19,-9.8,
4592,"Paros",34.61,21.99,-98.13,
4597,"Parva Planum",1027.32,-73.67,-95.07,
4602,"Pasithea Dorsum",282.2,-55.14,-41.58,
4605,"Pasteur",116.15,19.31,24.62,
4608,"Patapsco Vallis",172.87,23.7,152.51,
4618,"Pavonis Chasma",45.94,2.73,-111.02,
4619,"Pavonis Fossae",156.08,4.15,-111.29,
4620,"Pavonis Mons",366.53,1.48,-112.96,
4621,"Pavonis Sulci",425.8,4.01,-117.37,
4635,"Peixe",9.35,20.33,-47.6,
4646,"Peneus Patera",128.5,-57.82,52.65,
4650,"Peraea Cavus",56.24,-29.61,95.43,
4651,"Peraea Mons",14.94,-31.08,86.11,
4656,"Perepelkin",77.46,52.44,-64.83,
4659,"Peridier",94.21,25.51,83.91,
4663,"Perrotin",82.82,-2.82,-77.94,
4667,"Peta",75.75,-21.26,-9.1,
4677,"Pettit",92.49,12.25,-173.87,
4681,"Phaenna Dorsum",164.16,-53.79,-43.29,
4683,"Phaethontis",0,-49.67,-155,
4687,"Philadelphia",1.65,21.76,-47.98,
4690,"Phillips",185.45,-66.34,-44.89,
4696,"Phison",0,19.78,40,
4697,"Phison Rupes",203.07,26.7,50.35,
4698,"Phlegethon Catena",399.69,38.83,-103.28,
4699,"Phlegra",134,31,172.2,
4700,"Phlegra Dorsa",2818.61,25.08,170.37,
4701,"Phlegra Montes",1350.65,40.4,163.71,
4706,"Phoenicis Lacus",0,-11.86,-110,
4709,"Phon",10.02,15.53,102.79,
4711,"Phrixi Regio",0,-39.67,-70,
4719,"Pica",2.4,19.82,-53.23,
4723,"Pickering",115.2,-33.48,-132.61,
4731,"Piña",5.05,18.37,111.74,
4732,"Pindus Mons",16.3,39.47,-88.52,
4734,"Pinglo",15.9,-2.92,-36.76,
4742,"Pityusa Patera",196.51,-66.88,36.86,
4743,"Pityusa Rupes",430.14,-63.96,28.32,
4745,"Piyi",11.63,-22.88,106.63,
4752,"Planum Angustum",206.41,-79.8,-83.2,
4753,"Planum Australe",1429.87,-83.35,157.7,
4754,"Planum Boreum",354.63,87.32,54.96,
4755,"Planum Chronium",576.38,-59.14,139.5,
4758,"Platte",3.42,16.03,113.18,
4760,"Playfair",62.21,-77.91,-125.78,
4764,"Plum",2.76,-26.07,-19.07,
4773,"Podor",25.08,-44.11,-43.14,
4782,"Pollack",96.35,-7.79,25.26,
4784,"Polotsk",30.12,-19.89,-26.34,
4792,"Pompeii",31.13,18.98,-59.1,
4799,"Poona",19.87,23.76,-52.32,
4802,"Port-Au-Prince",1.52,21.1,-48.18,
4804,"Porter",103.99,-50.36,-113.76,
4805,"Porth",9.52,21.19,104.21,
4806,"Portsmouth",1.5,22.55,-49.07,
4807,"Porvoo",9.85,-43.3,-40.81,
4811,"Poti",30.55,-36.31,86.56,
4816,"Poynting",69.7,8.42,-112.75,
4823,"Priestley",42.26,-54.12,130.7,
4824,"Princeton",2.16,21.69,-49.11,
4829,"Proctor",172.56,-47.63,29.72,
4830,"Promethei Chasma",295.28,-82.66,141.39,
4831,"Promethei Lingula",571.63,-82.8,119.89,
4832,"Promethei Planum",831.28,-79.18,88.36,
4833,"Promethei Rupes",1379.21,-75.54,90.24,
4834,"Promethei Sinus",0,-64.74,80,
4835,"Promethei Terra",3244.3,-64.37,97,
4847,"Propontis",0,44.66,175,
4850,"Protei Regio",0,-22.76,-50,
4851,"Protonilus",0,41.66,45,
4852,"Protonilus Mensae",1033.97,43.87,48.86,
4853,"Protva Valles",259.71,-29.11,-60.58,
4861,"Ptolemaeus",165.18,-45.88,-157.6,
4867,"Puławy",51.84,-36.41,-76.62,
4882,"Pylos",18.94,16.79,-30.08,
4883,"Pyramus Fossae",298.18,50.39,66.31,
4884,"Pyrrhae Chaos",162.35,-10.46,-28.4,
4885,"Pyrrhae Regio",0,-14.83,-38,
4888,"Puńsk",11.24,20.62,-41.13,
4895,"Qibā",4.08,17.13,103.09,
4896,"Quenisset",136.66,34.27,40.67,
4900,"Quick",13.31,18.19,-49.25,
4903,"Quines",10.75,-41.86,89.25,
4905,"Quorn",6.33,-5.56,-33.62,
4909,"Rabe",106.95,-43.61,34.91,
4916,"Radau",109.96,16.95,-4.71,
4926,"Rahe",34.44,25.05,-97.48,
4927,"Rahway Valles",346.19,8.46,173.58,
4933,"Rakke",18.47,-4.57,-43.36,
4942,"Rana",12.33,-25.59,-21.8,
4955,"Raub",6.95,42.38,135.11,
4956,"Rauch",32.9,21.56,-58.13,
4961,"Ravi Vallis",148.78,-0.42,-40.48,
4963,"Ravius Valles",388.18,46.12,-110.17,
4964,"Rayadurg",21.38,-18.45,102.43,
4967,"Rayleigh",125.66,-75.57,118.94,
4975,"Redi",60.31,-60.33,92.8,
4992,"Renaudot",63.74,42.04,62.68,
4994,"Rengo",13.7,-43.45,-43.63,
5006,"Reull Vallis",1051.94,-42.14,104.95,
5007,"Reuyl",84.27,-9.63,166.93,
5008,"Revda",26.6,-24.28,-28.5,
5009,"Reykholt",52.17,40.48,-86.14,
5010,"Reynolds",90.69,-74.99,-157.59,
5011,"Rhabon Valles",245,21.21,-91.27,
5021,"Ribe",11.14,16.49,-29.16,
5028,"Richardson",89,-72.47,-179.86,
5090,"Rimac",7.29,44.97,136.06,
5150,"Rincon",13.36,-8,-43.01,
5156,"Ritchey",77.23,-28.42,-50.99,
5168,"Roddenberry",139.15,-49.37,-4.43,
5178,"Romny",5.39,-25.4,-18.17,
5182,"Rong",8.92,22.46,-45.35,
5184,"Rongxar",21.63,26.33,-55.44,
5193,"Ross",82.51,-57.39,-107.84,
5194,"Rossby",80.42,-47.52,167.92,
5212,"Rubicon Valles",308.21,44.41,-117.52,
5214,"Ruby",26.43,-25.24,-17.07,
5215,"Rudaux",107.18,38.03,50.96,
5221,"Runa Vallis",36,-28.34,-36.71,
5231,"Rupes Tenuis",669.03,81.6,-85.47,
5236,"Russell",135.08,-54.5,12.43,
5240,"Rutherford",107.08,19.03,-10.59,
5244,"Ruza",22.25,-34,-52.71,
5247,"Rynok",8.49,44.13,121.76,
5248,"Rypin",18.18,-1.28,-40.89,
5261,"Sabis Vallis",212.91,-5.01,-152.51,
5262,"Sabo",4.39,25.17,-48.94,
5263,"Sabrina Vallis",280,10.99,-49.04,
5266,"Sacra Dorsa",1416,11.21,-66.09,
5267,"Sacra Fossae",950,20.36,-70,
5268,"Sacra Mensa",577,24.64,-68.22,
5269,"Sacra Sulci",1009.05,22.16,-74.7,
5276,"Sagan",90.26,10.72,-30.6,
5281,"Salaga",28.03,-47.19,-51.11,
5290,"Samara Valles",661.84,-24.17,-18.73,
5299,"San Juan",1.23,22.87,-48.04,
5303,"Sandila",13.32,-25.56,-30.35,
5306,"Sangar",30.33,-27.53,-24.34,
5310,"Santa Cruz",1.35,21.25,-47.26,
5311,"Santa Fe",20.3,19.28,-47.95,
5313,"Santaca",15.85,-41.06,87.37,
5326,"Sarn",11.37,-77.34,-54.72,
5327,"Sarno",20.29,-44.37,-54.15,
5338,"Satka",18.8,-42.68,-36.94,
5339,"Sauk",3.08,-44.67,-32.56,
5344,"Savannah",1.34,22.02,-47.78,
5345,"Savich",179.06,-27.49,96.12,
5347,"Say",13.59,-28.07,-29.67,
5353,"Scamander Vallis",269,15.89,28.53,
5354,"Scandia",0,60.21,-147.9,
5355,"Scandia Cavi",663.8,77.55,-150.35,
5356,"Scandia Colles",1521.68,65.47,-139.13,
5357,"Scandia Tholi",398.27,73.91,-158.72,
5362,"Schaeberle",158.67,-24.37,50.23,
5366,"Schiaparelli",458.52,-2.71,16.77,
5375,"Schmidt",201.35,-72.07,-77.9,
5380,"Schroeter",291.59,-1.9,55.99,
5390,"Schöner",198.96,19.93,50.7,
5397,"Scylla Scopulus",476.91,-25.22,18.34,
5399,"Sebec",63.54,-39.5,99.41,
5402,"Secchi",223.41,-57.84,102.15,
5423,"Semeykin",73.51,41.51,8.75,
5424,"Seminole",20.64,-24.18,-19.11,
5430,"Senus Vallis",22.18,-5.23,-146.96,
5434,"Sepik Vallis",59,-1.01,-65.73,
5444,"Sevel",7.39,79.21,-36.22,
5445,"Sevi",3.2,18.89,103.03,
5449,"Sfax",6.7,-7.67,-43.42,
5460,"Shalbatana Vallis",1029,7.33,-42.09,
5463,"Shambe",35.58,-20.58,-30.69,
5470,"Sharonov",99.92,27,-58.53,
5477,"Shatskiy",69.46,-32.36,-14.89,
5478,"Shawnee",16.71,22.49,-31.51,
5511,"Sian",4.06,19.96,-48,
5513,"Sibu",17.63,-23.02,-19.72,
5526,"Sigli",30.3,-20.31,-30.81,
5534,"Silinka Vallis",150.93,9.13,-28.05,
5544,"Simud Valles",987.99,19.09,-38.01,
5546,"Sinai",0,-19.78,-70,
5547,"Sinai Dorsa",456.54,-12.77,-78.92,
5548,"Sinai Planum",901.44,-13.72,-87.76,
5553,"Sinda",6.67,15.75,111.28,
5555,"Singa",13.14,-22.43,-17.33,
5557,"Sinop",14.72,-23.28,110.62,
5568,"Sinus Meridiani",0,-4.94,0,
5570,"Sinus Sabaeus",0,-7.91,20,
5575,"Sirenum Fossae",2731.21,-35.57,-162.74,
5579,"Sisyphi Cavi",423.63,-72.2,-6.3,
5580,"Sisyphi Montes",200,-69.65,13.08,
5581,"Sisyphi Planum",1032.87,-69.64,6.41,
5585,"Sithonius Lacus",0,44.66,115,
5586,"Sitka",16.89,-4.28,-39.23,
5593,"Sklodowska",109.72,33.52,-2.95,
5600,"Slipher",127.14,-47.34,-84.46,
5603,"Smith",74.33,-65.76,-102.73,
5620,"Sokol",22.18,-42.37,-40.68,
5622,"Solano",9,-26.74,108.95,
5623,"Solis Dorsa",779.5,-22.88,-79.74,
5624,"Solis Lacus",0,-27.72,-90,
5625,"Solis Planum",1811.23,-26.4,-89.67,
5643,"Somerset",3.33,-9.73,-51.26,
5647,"Soochow",30.06,16.73,-28.82,
5654,"Souris",2.93,19.47,113.31,
5656,"South",101.84,-76.94,21.91,
5663,"Spallanzani",71.69,-58.01,86.38,
5672,"Spry",7.67,-3.7,-38.43,
5674,"Spur",8.09,22.02,-52.26,
5677,"Srīpur",22.99,-30.74,-100.71,
5689,"Stege",76.44,3.75,-59.5,
5697,"Steno",103.54,-67.75,-115.37,
5710,"Stobs",12.06,-4.96,-38.3,
5712,"Stokes",62.74,55.63,171.29,
5714,"Ston",6.49,46.87,122.55,
5717,"Stoney",161.37,-69.61,-138.51,
5731,"Stura Vallis",75,22.71,142.47,
5732,"Stygis Catena",65.38,23.25,150.57,
5733,"Stygis Fossae",385,26.92,149.83,
5734,"Styx",0,29.71,160,
5735,"Styx Dorsum",90.67,30.81,151.86,
5739,"Suata",23.9,-18.91,106.67,
5741,"Subur Vallis",26.2,11.63,-53.15,
5742,"Sucre",13.56,23.69,-54.59,
5747,"Suess",71.9,-66.88,-178.49,
5751,"Sulak",25,18.17,-78.61,
5752,"Sulci Gordii",400,19.02,-125.73,
5760,"Sumgin",78.6,-36.53,-48.67,
5768,"Surinda Valles",80.07,-28.8,-35.11,
5769,"Surius Vallis",30.76,-61.2,-48.72,
5771,"Surt",9.85,16.85,-30.64,
5780,"Suzhi",24.63,-27.41,86.1,
5785,"Swanage",18.68,26.45,-33.67,
5793,"Syria",0,-19.78,-100,
5794,"Syria Planum",735.74,-12.09,-103.9,
5795,"Syrtis Major",0,9.88,70,
5796,"Syrtis Major Planum",1214.86,9.2,67.1,
5797,"Sytinskaya",89.16,42.42,-53.06,
5803,"Sūf",9.41,16.34,-38.22,
5805,"Sögel",28.45,21.43,-55.15,
5811,"Tábor",19.11,-35.5,-58.33,
5812,"Tabou",7.68,-45.1,-35.04,
5818,"Tader Valles",200,-48.78,-152.3,
5819,"Taejin",28.06,-35.2,85.66,
5821,"Tagus Valles",144.58,-6.68,114.54,
5829,"Tak",5.21,-26.02,-28.65,
5834,"Tala",8.51,-20.34,112.79,
5840,"Talsi",9.59,-41.53,-49.37,
5843,"Tame",13.8,-22.73,-107.99,
5849,"Tanaica Montes",178.55,39.55,-90.83,
5850,"Tanais",0,49.67,-70,
5851,"Tanais Fossae",172.95,38.74,-86.49,
5859,"Tantalus Fluctus",794.34,35.93,-95.68,
5860,"Tantalus Fossae",2361.86,49.83,-96.09,
5864,"Tara",32.94,-44.01,-52.84,
5865,"Tarakan",39.31,-41.21,-30.44,
5868,"Tarata",12.27,-3.78,-41.22,
5871,"Tarma",9,16.54,109.85,
5872,"Tarsus",18.55,23.12,-40.26,
5874,"Tartarus Colles",1672.69,21.24,175.19,
5875,"Tartarus Montes",1086.46,15.46,167.54,
5876,"Tartarus Rupes",97.46,-6.5,175.71,
5877,"Tartarus Scopulus",251.31,-4.23,177.25,
5882,"Taus Vallis",10.4,-4.85,-148.32,
5888,"Taxco",17.36,20.67,-40.13,
5890,"Taza",24.28,-43.57,-45.3,
5894,"Tecolote",47.93,-24.55,-106.84,
5901,"Teisserenc de Bort",114.89,0.43,45.07,
5902,"Tejn",3.77,15.39,106.42,
5910,"Telz",3.19,21.16,111.12,
5912,"Tempe",0,39.67,-70,
5913,"Tempe Colles",34.49,33.75,-82.56,
5914,"Tempe Fossae",2116.24,40.42,-71.4,
5915,"Tempe Mensa",55.39,27.94,-71.59,
5916,"Tempe Terra",1954.94,38.69,-70.61,
5918,"Tem'",5.88,41.91,-9.45,
5922,"Tepko",3.98,15.21,103.51,
5924,"Terby",171.5,-27.96,74.14,
5928,"Termes Vallis",55.6,-11.11,-157.01,
5930,"Terra Cimmeria",5855.87,-32.68,147.75,
5931,"Terra Sabaea",4688.44,2.72,51.3,
5932,"Terra Sirenum",3635.18,-39.49,-154.15,
5942,"Teviot Vallis",143.89,-43.37,102.26,
5947,"Tharsis",0,0,-100,
5948,"Tharsis Montes",2058.91,1.57,-112.58,
5949,"Tharsis Tholus",149.3,13.25,-90.69,
5952,"Thaumasia",0,-34.68,-85,
5953,"Thaumasia Fossae",996.18,-47.75,-91.05,
5954,"Thaumasia Planum",799.6,-21.66,-65.22,
5968,"Thermia",2.76,19.67,109.17,
5973,"Thira",21.84,-14.47,175.98,
5974,"Thom",22.06,-41.11,92.35,
5982,"Thoth",0,29.71,105,
5985,"Thule",13.07,-23.37,-25.72,
5987,"Thyles Rupes",548.75,-69.32,132.28,
5988,"Thymiamata",0,9.88,-10,
5992,"Tibrikot",59.08,12.56,-54.87,
5998,"Tignish",20.98,-30.74,87.04,
6001,"Tikhonravov",343.7,13.28,35.93,
6003,"Tikhov",110.07,-50.68,105.8,
6005,"Tile",8.47,17.73,-28.62,
6009,"Timaru",18.4,-25.27,-22.34,
6010,"Timbuktu",65.68,-5.56,-37.52,
6013,"Timoshenko",86.11,41.76,-64,
6017,"Tinia Valles",17.83,-4.61,-148.88,
6019,"Tinjar Valles",400.58,37.54,124.27,
6021,"Tinto Vallis",191.97,-3.97,111.5,
6028,"Tisia Valles",384.05,-10.75,46.72,
6030,"Tithoniae Catenae",562,-5.5,-81.82,
6031,"Tithoniae Fossae",838,-4.32,-83.04,
6032,"Tithonium Chasma",802.78,-4.6,-84.29,
6033,"Tithonius Lacus",0,-4.94,-85,
6038,"Tiu Valles",1720,16.23,-34.86,
6039,"Tiwi",21.15,-27.56,-24.76,
6045,"Tokko",2.7,22.55,109.52,
6047,"Tokma",3.28,21.31,108.57,
6051,"Tolon",2.64,18.23,104.98,
6054,"Tomari",5.29,19.98,113.78,
6055,"Tombe",5.99,-42.4,-44.55,
6059,"Tooting",27.86,23.21,-152.24,
6060,"Torbay",6.33,17.87,114.08,
6066,"Torsö",15.3,-44.29,-51.18,
6068,"Torup",42.72,-27.89,97.81,
6073,"Tractus Albus",0,29.71,-80,
6074,"Tractus Catena",910.57,27,-102.79,
6075,"Tractus Fossae",403.06,25.89,-101.28,
6078,"Trebia Valles",179.8,32.08,150.12,
6083,"Trinacria",0,-24.74,92,
6085,"Trinidad",27.91,-23.38,109.05,
6088,"Trivium Charontis",0,19.78,162,
6089,"Troika",13.43,16.83,105.14,
6094,"Trouvelot",148.77,16.09,-12.98,
6095,"Troy",9.59,23.17,-52.62,
6096,"Trud",2.44,17.68,-31.59,
6098,"Trumpler",75.35,-61.43,-150.71,
6101,"Tsau",6.61,49.49,121.06,
6111,"Tsukuba",1.86,48.58,134,
6121,"Tuapi",4.48,16.98,104.34,
6124,"Tugaske",30.89,-31.78,-101.11,
6128,"Tumul",8.68,14.71,104.61,
6133,"Tungla",16.61,-40.77,89.64,
6136,"Tura",14.81,-26.63,-21.98,
6138,"Turbi",30.59,-40.62,-51.45,
6143,"Turma",6.68,17.31,108.11,
6149,"Tuscaloosa",59.66,-0.02,28.73,
6152,"Tuskegee",62.88,-2.8,-36.09,
6164,"Tycho Brahe",105.27,-49.41,146.12,
6168,"Tyndall",83.05,39.73,169.97,
6169,"Tyras Vallis",99.13,8.33,-50.15,
6171,"Tyrrhena Dorsa",779.4,-24.2,115.72,
6172,"Tyrrhena Fossae",305.55,-22.23,105.8,
6174,"Tyrrhena Patera",12.64,-21.39,106.63,
6175,"Tyrrhena Terra",2470.14,-11.9,88.84,
6182,"Uchronia",0,69.78,100,
6203,"Ultima Lingula",551.28,-76.32,142.56,
6204,"Ultimi Scopuli",560.47,-77.88,179.04,
6205,"Ultimum Chasma",322.09,-81.1,151.37,
6206,"Ulu",3.43,22.49,107.32,
6209,"Ulya",8.02,-17.9,111.68,
6210,"Ulysses Fossae",849.94,9.95,-123.07,
6211,"Ulysses Patera",57.86,2.95,-121.42,
6212,"Ulyxis Rupes",383.09,-68.78,160.02,
6216,"Umatac",17.16,42.52,137.26,
6218,"Umbra",0,49.67,70,
6235,"Uranius Dorsum",542.08,23.79,-75.04,
6236,"Uranius Fossae",394.11,25.29,-90.13,
6237,"Uranius Patera",114,26.32,-92.8,
6238,"Uranius Tholus",61.39,26.25,-97.57,
6243,"Urk",2.89,23.11,111.42,
6255,"Utan",4.73,24.24,113.81,
6259,"Utopia",0,49.67,110,
6260,"Utopia Planitia",3560.45,46.74,117.52,
6261,"Utopia Rupēs",2492.68,43.53,86.03,
6266,"Uzboi Vallis",353.53,-29.46,-36.98,
6268,"Vaals",10.85,-3.96,-32.97,
6283,"Valga",15.7,-44.32,-36.64,
6288,"Valles Marineris",3761.28,-14.01,-58.59,
6302,"Valverde",34.92,20.1,-55.76,
6324,"Varus Valles",90.12,-8.57,-155.99,
6333,"Vastitas Borealis",2002.91,87.73,32.53,
6335,"Vaux",5.99,17.96,-32.79,
6340,"Vedra Valles",118,19.12,-55.48,
6353,"Verde Vallis",133,-0.5,29.88,
6356,"Verlaine",38.84,-9.22,64.12,
6364,"Very",114.81,-49.17,-177.03,
6375,"Viana",29.03,19.18,104.81,
6378,"Vichada Valles",438.31,-19.87,88.13,
6386,"Vik",22.32,-36.09,-63.94,
6389,"Vils",6.68,39.04,-11.68,
6394,"Vinogradov",209.66,-19.83,-37.74,
6395,"Vinogradsky",66.26,-56.13,143.85,
6405,"Virrat",50.67,-30.73,-102.88,
6410,"Vishniac",80.47,-76.52,84.12,
6411,"Vistula Valles",193,13.41,-51.97,
6417,"Vivero",27.13,48.97,118.83,
6424,"Voeykov",75.45,-32.11,-76.14,
6426,"Vogel",120.69,-36.77,-13.28,
6427,"Volgograd",1.59,48.1,135.03,
6435,"Vol'sk",8.46,23,-51.24,
6441,"Von Kármán",90.29,-64.27,-58.7,
6448,"Voo",2.13,-26.94,-19.99,
6454,"Voza",2.71,23.34,-53.53,
6456,"Vulcani Pelagus",0,-34.68,-15,
6464,"Vätö",17.24,-43.61,-53.69,
6467,"W. Mareotis Tholus",13.19,35.56,-87.96,
6468,"Wabash",40.71,21.36,-33.64,
6471,"Wahoo",63.07,23.23,-33.68,
6472,"Wajir",11.85,-27.02,105.54,
6476,"Walla Walla Vallis",22.99,-9.88,-54.46,
6478,"Wallace",170.78,-52.48,110.9,
6480,"Wallops",1.84,46.59,132.72,
6481,"Wallula",12.13,-9.92,-54.4,
6490,"Warra",10.12,20.75,-37.63,
6491,"Warrego Valles",205.08,-41.84,-92.15,
6493,"Waspam",41.6,20.45,-56.63,
6494,"Wassamu",16.3,25.57,-53.21,
6499,"Wau",6.79,-44.86,-42.61,
6506,"Weert",9.49,19.71,-51.69,
6508,"Wegener",68.51,-64.3,-4.07,
6512,"Weinbaum",82.01,-65.53,114.57,
6516,"Wells",98.28,-59.94,122.4,
6521,"Wer",3.21,45.67,-6.19,
6539,"Wicklow",21.5,-2.01,-40.53,
6543,"Wien",115.14,-10.57,139.75,
6552,"Williams",123.2,-18.39,-164.14,
6554,"Wilmington",1.35,21.6,-47.47,
6557,"Windfall",17.55,-2.09,-43.33,
6559,"Wink",10.16,-6.51,-41.34,
6564,"Wirtz",120.26,-48.24,-25.86,
6565,"Wislicenus",140.15,-18.17,11.39,
6575,"Woolgar",15.31,34.66,-85.45,
6576,"Woomera",2.26,48.07,132.62,
6577,"Worcester",24.05,26.61,-50.37,
6582,"Wright",113.78,-58.51,-151.01,
6586,"Wukari",38.21,-31.81,-102.8,
6596,"Xanthe",0,9.88,-50,
6597,"Xanthe Dorsa",0,35.9,-34.04,
6598,"Xanthe Montes",499.32,18.13,-54.92,
6599,"Xanthe Scopulus",59.48,19.38,-52.51,
6600,"Xanthe Terra",1867.65,1.6,-48.05,
6619,"Xui",3.15,15.09,112.63,
6625,"Yakima",12.53,43.03,-3.15,
6628,"Yala",19.65,17.37,-38.58,
6629,"Yalata",4.74,21.81,106.17,
6639,"Yaonis Regio",0,-39.67,40,
6640,"Yar",6.18,22.27,-39.15,
6644,"Yat",7.46,18.13,-29.03,
6649,"Yebra",4.85,20.79,105.69,
6650,"Yegros",13.98,-22.3,-23.66,
6671,"Yorktown",8.01,22.88,-48.65,
6672,"Yoro",9.61,22.8,-28.04,
6681,"Yungay",19.69,-43.87,-44.75,
6685,"Yuty",19.06,22.16,-34.09,
6708,"Zea Dorsa",249.02,-48.87,80.54,
6719,"Zephyria",0,0,165,
6720,"Zephyria Mensae",333.61,-11.62,171.98,
6721,"Zephyria Tholus",35.95,-19.75,172.92,
6722,"Zephyrus Fossae",306.19,23.93,144.19,
6730,"Zhigou",21.86,-29.1,-102.59,
6737,"Zilair",46.91,-31.81,-32.94,
6743,"Zir",6.16,18.54,-36.54,
6750,"Zongo",46.83,-33.76,-41.69,
6764,"Zuni",24.28,19.22,-29.58,
6765,"Zunil",10.26,7.7,166.19,
6768,"Zutphen",38.29,-13.85,174.32,
6939,"Ōmura",8.47,-25.36,-25.21,
6946,"Žulanka",43.12,-2.27,-42.16,
6948,"Dilly",2.13,13.27,157.22,
6949,"Gratteri",7.56,-17.71,-160.06,
6950,"Tomini",7.77,16.26,125.88,
6951,"Zumba",2.93,-28.67,-133.07,
6952,"Gamboa",30.82,40.77,-44.36,
6959,"Culter",4.87,-8.84,-53.93,
6960,"Amenthes Cavi",1330.5,16.23,114.52,
6961,"Udzha",42.87,81.92,77.35,
6962,"Boreum Cavus",62.13,84.64,-20.15,
6963,"Tenuis Cavus",51.53,84.76,1.39,
6964,"Boreales Scopuli",873,88.88,-90.16,
6965,"Gemini Scopuli",1000.36,80.39,26.1,
6976,"Toconao",17.16,-20.85,-74.69,
7010,"Winslow",1.08,-3.74,59.16,
7023,"Beloha",31.74,-39.57,56.71,
7024,"Tyrrhenus Labyrinthus",102.68,-16.18,101.12,
14136,"Saheki",82.44,-21.74,73.14,
14144,"Karzok",15.29,18.4,-131.74,
14145,"Pangboche",10.16,17.28,-133.4,
14147,"Abalos Mensa",129.18,81.17,-75.6,
14148,"Abalos Scopuli",109.16,80.72,-76.56,
14149,"Baetis Chaos",66.66,-0.17,-60.4,
14150,"Boola",17.25,81.26,-105.19,
14151,"Columbia Valles",84.82,-9.44,-42.9,
14152,"Chryse Colles",48.66,8.15,-41.86,
14153,"Crotone",6.28,82.21,-69.31,
14154,"Daga Vallis",49.86,-12.07,-42.42,
14155,"Hyperborea Lingula",124.8,80.32,-53.54,
14156,"Jojutla",19.32,81.59,-169.8,
14157,"Olympia Cavi",342.78,85.06,-177.77,
14158,"Olympia Mensae",335.42,78,119.98,
14159,"Puyo",9.94,83.93,137.26,
14160,"Tenuis Mensa",120.92,81.13,-92.96,
14161,"Xanthe Chaos",34.37,11.87,-42.22,
14162,"Cerberus Palus",466.68,5.78,148.15,
14163,"Lethe Vallis",236.65,3.16,154.97,
14164,"Zephyria Planum",575.11,-1.08,153.73,
14165,"Aeolis Planum",852.81,-1.14,144.76,
14166,"Tombaugh",59.84,3.56,161.92,
14167,"Persbo",19.49,8.57,156.88,
14168,"Cerberus Tholi",698,4.48,164.41,
14169,"Ganges Chaos",113.73,-9.76,-46.04,
14177,"Angustus Labyrinthus",67.52,-81.62,-63.39,
14178,"Sisyphi Tholus",27.52,-75.68,-18.53,
14179,"Thyles Montes",380,-69.88,126.54,
14180,"Chronius Mons",56.14,-61.49,178.01,
14181,"Promethei Mons",65.17,-70.57,87.44,
14182,"Ada",2.09,-3.06,-3.22,
14183,"Alamos",6.44,23.48,-37.12,
14184,"Beruri",45.12,5.27,81.24,
14185,"Bopolu",18.89,-2.96,-6.3,
14186,"Cefalù",5.53,23.64,-38.89,
14187,"Chupadero",8.04,6.13,83.43,
14188,"Dulovo",17.38,3.62,84.56,
14189,"Elorza",45.16,-8.76,-55.21,
14190,"Grindavik",11.71,25.4,-38.99,
14191,"Hargraves",60.28,20.74,75.74,
14192,"Hashir",16.15,3.19,85.01,
14193,"Iazu",6.83,-2.71,-5.18,
14194,"Jörn",20.47,-27.19,76.43,
14195,"Kontum",22.26,-32.04,-67.07,
14196,"Lismore",9.34,27.04,-41.65,
14197,"Makhambet",15.85,28.43,-40.47,
14198,"Martin",61.11,-21.34,-69.25,
14199,"Mazamba",52.29,-27.53,-69.67,
14200,"Nakusp",7.26,24.73,-35.45,
14201,"Ohara",9.37,4.92,82.48,
14202,"Pebas",5.43,-2.6,-0.96,
14203,"Runanga",41.36,-26.64,75.96,
14204,"Sefadu",10.84,28.74,-34.97,
14205,"Shardi",16.71,10.05,-15.32,
14206,"Soffen",58.31,-23.73,140.86,
14207,"Taytay",18.17,7.39,-19.6,
14208,"Uzer",9.24,-1.22,-1.75,
14209,"Woking",9.53,5.12,82.99,
14210,"Xainza",23.96,0.78,-3.94,
14211,"Yalgoo",17.38,4.93,84.23,
14212,"Zarand",2.78,-3.41,-1.5,
14265,"Chaman",47.92,-60.86,50.96,
14266,"Eilat",29.7,-56.53,50.2,
14267,"Henry Moore",65.47,-59.72,53.9,
14268,"Pau",42.2,-55.4,59.3,
14269,"Vernal",55.51,5.9,-4.45,
14270,"Wynn-Williams",66.31,-55.1,60.21,
14271,"Louth",36.29,70.19,103.24,
14279,"Aspledon Undae",215.2,73.06,-50.35,
14280,"Siton Undae",222.97,75.55,-62.72,
14281,"Olympia Planum",804.39,82.18,-171.19,
14282,"Henbury",25.36,-63.49,-147.73,
14283,"Laylá",19.36,-61.11,107.12,
14284,"Lonar",11.07,72.99,38.29,
14285,"Maricourt",9.9,53.34,-71.17,
14286,"Steinheim",11.28,54.57,-169.35,
14287,"Gemina Lingula",772.89,81.87,2.59,
14290,"Sinton",62.8,40.75,31.73,
14299,"Olympia Rupēs",1197.04,86.04,174.16,
14300,"Jezero",47.52,18.41,77.69,
14301,"Marikh Vallis",1147.22,-19.16,4.32,
14302,"Moroz",116.3,-23.77,-20.57,
14306,"Alba Mons",548.02,41.08,-110.71,
14307,"Apollinaris Mons",275.4,-9.17,174.79,
14308,"Biblis Tholus",168.6,2.52,-124.38,
14309,"Hadriacus Mons",450,-31.29,91.86,
14310,"Tyrrhenus Mons",269.77,-21.63,105.88,
14311,"Ulysses Tholus",102.47,2.96,-121.5,
14312,"Uranius Mons",265.17,26.9,-92.15,
14325,"Erythraeum Chaos",147.63,-21.84,-12.38,
14326,"Miyamoto",145.21,-2.87,-6.95,
14327,"Capen",68.99,6.58,14.31,
14328,"Coimbra",34.53,4.18,-5.31,
14329,"Kalocsa",34.15,6.92,-6.95,
14330,"Mellit",22.53,7.12,-1.73,
14331,"Naruko",4.17,-36.24,-161.7,
14332,"Penticton",8.19,-38.37,96.76,
14335,"Phedra",20.31,13.84,123.88,
14336,"Tavua",31.56,15.62,117.61,
14337,"Zaranj",27.41,12.09,113.05,
14386,"Chryse Chaos",658.89,9.86,-37.19,
14402,"Avire",6.85,-40.82,-159.76,
14403,"Niquero",10.7,-38.79,-165.97,
14404,"Triolet",12.14,-37.09,-168.02,
14438,"Corinto",13.69,16.95,141.71,
14439,"Naryn",3.94,14.89,123.3,
14440,"Thila",5.37,18.11,155.52,
14441,"Wiltz",1.26,15.54,159.21,
14448,"Heimdal",10.49,68.33,-124.56,
14449,"Morava Valles",364.1,-13.57,-24.2,
14500,"Bogia",37.68,-44.31,83.27,
14501,"Endeavour",21.78,-2.28,-5.2,
14521,"Toro",41.4,17.04,71.82,
14522,"Victoria",0.88,-2.05,-5.5,
14542,"Saravan",46.89,-16.93,-54.02,
14543,"Sungari Vallis",344.82,-40.33,88.5,
14544,"Danielson",64.3,7.97,-7.05,
14545,"Galap",5.99,-37.66,-167.07,
14546,"Lipik",48.95,-38.41,111.61,
14547,"Sarh",50.27,-64.85,-14.58,
14562,"Cross",66.57,-30.2,-157.69,
14567,"Asimov",80.82,-46.97,4.93,
14569,"Canillo",33.93,10.23,116.48,
14570,"Doba",25.89,10.92,119.62,
14571,"Ehden",57.4,8.23,119.01,
14572,"Nepenthes Planum",1650.14,14.01,113.79,
14573,"Syria Mons",73.47,-13.88,-104.27,
14592,"Ismenius Cavus",90.61,33.9,17.08,
14593,"Gasa",7.03,-35.72,129.4,
14602,"Leighton",65.94,3.08,57.75,
14620,"Horowitz",64.9,-32.06,140.75,
14621,"Kamnik",10.37,-37.21,-161.79,
14622,"Kandi",8.24,-32.75,122.1,
14623,"Pursat",17.55,-37.36,130.76,
14624,"Roseau",6.49,-41.69,150.57,
14625,"Yaren",9.19,-43.88,-137.45,
14626,"Matara",48.84,-49.61,34.59,
14630,"Kibuye",7.14,-29.13,-178.18,
14651,"Cankuzo",48.45,-19.42,52.03,
14652,"Luqa",17.14,-18.23,131.82,
14654,"Oyama",100.78,23.57,-20.11,
14740,"Avarua",49.99,-35.93,109.66,
14741,"Dowa",40.84,-31.66,110.24,
14742,"Fitzroy",38.17,-35.69,112.06,
14743,"Greg",68.12,-38.59,112.89,
14744,"Pál",71.21,-31.31,108.7,
14745,"Waikato Vallis",228.03,-33.33,113.78,
14747,"Harris",81.56,-21.9,66.81,
14766,"Milna",27.48,-23.46,-12.24,
14767,"Vaduz",2,38.24,15.79,
14768,"Tivoli",32.8,-14.33,100.91,
14779,"Eridania Planitia",1062.13,-38.15,122.21,
14782,"Firsoff",90,2.73,-9.37,
14792,"Tigre Valles",102.82,-12.02,-37.09,
14793,"Canala",12,24.35,-80.08,
14794,"Noord",7.8,-19.27,-11.27,
14795,"Resen",7.4,-27.94,108.87,
14856,"Dogana",41.2,-10.01,-53.67,
14857,"Lipany",50.1,-0.22,79.67,
14858,"Oenotria Plana",61.25,-8.14,76.64,
14859,"Zarqa Valles",21.37,0.32,80.59,
14860,"Oenotria Scopuli",1425,-6.62,77.11,
14871,"Corozal",8.33,-38.79,159.42,
14872,"Palikir",15.57,-41.57,-157.86,
14873,"Raga",3.43,-48.1,-117.58,
14874,"Tivat",3.62,-45.93,9.53,
14890,"Micoud",51.85,50.56,16.34,
14891,"Majuro",43.43,-33.26,84.33,
14918,"Havel Vallis",240.19,0.77,-57.46,
14924,"Sinai Fossae",589.15,-14.08,-78.67,
14926,"Baucau",17.94,-28.37,-55.1,
14927,"Arima",53.59,-15.84,-63.68,
14950,"Domoni",13.82,51.38,-125.61,
14951,"Keren",28.63,20.98,-22.5,
15000,"Aeolis Mons",88.99,-5.08,137.85,
15001,"Aeolis Palus",111.63,-4.47,137.42,
15002,"Robert Sharp",152.08,-4.17,133.42,
15015,"Moanda",38.88,-35.93,-39.95,
15016,"Lederberg",87.25,13.01,-45.92,
15017,"Ulysses Colles",84.81,6.14,-123.09,
15019,"Aeolis Dorsa",459.17,-5.05,152.63,
15029,"Cayon",27.31,-35.93,113.62,
15030,"Fancy",49.44,-35.45,113.6,
15031,"Aeolis Serpens",538.55,-1.38,149.57,
15032,"Yellowknife",0.12,-4.58,137.44,
15034,"Candor Colles",37.38,-6.63,-75.57,
15035,"Ceti Labes",11.05,-6.78,-75.73,
15036,"Peace Vallis",35.24,-4.21,137.23,
15037,"Eden Patera",80,33.77,-11.06,
15038,"Euphrates Patera",20.27,38.43,10.26,
15039,"Ismenia Patera",82,38.55,1.8,
15040,"Oxus Cavus",37.87,37.41,-0.52,
15041,"Oxus Patera",33.42,38.97,-0.34,
15042,"Siloe Patera",39.08,35.3,6.55,
15066,"Camichel",65.26,2.26,-51.61,
15067,"Dukhan",34.04,7.76,-39.14,
15068,"Kolonga",41.09,8.32,-54.94,
15069,"Liberta",25.1,35.23,-55.45,
15070,"Sibut",22.18,9.68,-49.35,
15071,"Okavango Valles",285.12,38.1,8.97,
15087,"Lucaya",34.21,-11.55,51.91,
15089,"Aonia Tholus",53.69,-59.04,-80.04,
15090,"Aonia Mons",27.07,-53.33,-87.92,
15091,"Tana Vallis",56.51,4.78,-27.89,
15092,"Farim",3.92,-44.31,139.28,
15093,"Candor Sulci",73.36,-4.92,-76.85,
15094,"Nia Tholus",34.01,-6.59,-74.95,
15109,"Farah Vallis",76.37,-6.03,136.8,
15115,"Muara",3.83,24.32,-19.31,
15116,"Tarrafal",4.89,24.26,-19.18,
15118,"Roddy",85.82,-21.65,-39.39,
15119,"Luba",38.33,-18.26,-37,
15120,"Gunjur",26.85,-0.17,146.66,
15121,"Kalba",14.15,-5.89,154.83,
15122,"Neves",22.13,-3.39,151.31,
15123,"Obock",14.45,-2.01,150.53,
15124,"Quthing",15.59,0.4,149.29,
15125,"Asau",25.05,-3.63,154.68,
15126,"Wafra",30.19,4.25,148.54,
15147,"Bashkaus Valles",246.93,-25.68,-3.26,
15149,"Blunck",66.49,-27.23,-36.9,
15150,"Gringauz",71.02,-20.67,-35.7,
15151,"Hadriacus Palus",176.33,-27.25,77.3,
15152,"Martynov",61.13,-30.36,-36.41,
15157,"Reutov",18.02,-45.07,-157.71,
15158,"Belyov",0.2,-45.02,-158.01,
15159,"Tyuratam",0.3,-45.04,-157.96,
15160,"Electris Mons",104.47,-45.67,152.73,
15161,"Eridania Mons",143.29,-57.02,137.86,
15162,"Sirenum Mons",122.86,-38.22,-147.85,
15163,"Sirenum Tholus",53.9,-34.64,-144.79,
15166,"Artik",5.36,-34.8,130.98,
15167,"Koshoba",10.33,22.93,77,
15168,"Dollfus",363.08,-21.59,-4.26,
15169,"Sitrah",33.09,-59.09,-142.28,
15170,"Betio",32.44,-23.13,-78.65,
15171,"Byala",26.23,-25.73,-66.47,
15172,"Halba",31.41,-26.01,-56.14,
15173,"Ophir Mensa",103.33,-3.99,-73.49,
15174,"Gan",20.63,61.72,-131,
15184,"Simois Colles",86.94,-37.72,-176.59,
15195,"Zephyria Fluctus",42,0.72,155.53,
15236,"Argyre Mons",60.58,-50.37,-48.09,
15238,"Magong",46.56,11.89,-46.69,
15239,"Aram Dorsum",83.31,7.8,-11.24,
15240,"Istok",4.82,-45.1,-85.82,
15241,"Nili Tholus",7,9.15,67.35,
15243,"Atrax Fossa",34.42,38.19,-88.98,
15251,"Bree",28.79,37.64,149.63,
15252,"Kotka",39.45,19.25,169.88,
15253,"Caralis Chaos",103.35,-37.2,178.6,
15254,"López",85,-14.57,98.04,
15264,"Hadriacus Cavi",59.09,-27.25,78.05,
15265,"Auce",37.01,-27.17,80.14,
15266,"Napo Vallis",87.5,-25.97,78.03,
15267,"Huallaga Vallis",92.5,-26.67,79.07,
15268,"Hydraotes Colles",47.5,-0.02,-33.68,
15269,"Juventae Cavi",94.4,-3.91,-58.16,
15270,"Hydrae Cavus",64.5,-7.93,-61.31,
15271,"Hydrae Chaos",66,-5.9,-59.97,
15272,"Pital",41.7,-9.27,-62.28,
15273,"Esira",16.26,8.96,-46.61,
15308,"Hunten",82.44,-39.18,23.69,
15309,"Choyr",36.42,-32.43,18.72,
15313,"Greeley",457.45,-36.79,3.92,
15314,"Badwater",33.14,-32.79,62.14,
15315,"Syria Colles",630,-13.46,-100.73,
15316,"Juventae Mensa",116,-7.93,-65.63,
15317,"Nia Mensa",95,-7.72,-67.32,
15318,"Garni",2.57,-11.52,-69.69,
15319,"Rauna",2.53,35.26,-32.08,
15326,"Coprates Montes",350,-13,-65.39,
15327,"Nectaris Montes",220,-14.64,-54.65,
15330,"Dulce Vallis",32.46,-4.82,136.54,
15331,"Moni",5.44,-47.01,18.77,
15349,"Moa Valles",265,35.62,-54.7,
15362,"Talas",30,-35.67,75.37,
15363,"Navua Valles",500,-33.94,82.68,
15364,"Hellas Chasma",148,-34.64,65.47,
15365,"Peneus Palus",870,-35.06,56.71,
15366,"Coronae Planum",265,-32.68,65.41,
15367,"Auki",40,-15.76,96.87,
15368,"Negril",52,20.19,69.43,
15369,"Cardona",13.7,-19.65,-31.98,
15370,"Ogygis Undae",87.7,-49.66,-66.21,
15411,"Kārūn Valles",64,-35.94,174.1,
15432,"Bradbury",63.2,2.58,85.8,
15437,"Melas Mensa",245,-10.72,-74.15,
15438,"Coprates Mensa",240,-12.2,-71.16,
15439,"Ius Mensa",160,-8.6,-75.32,
15440,"Catota",1.3,51.67,-26.98,
15441,"Dunkassa",8,-37.49,-137.06,
15472,"Pyrrhae Fossae",430,-29.2,-23.8,
15473,"Prao",20,-11.16,56.61,
15481,"Selevac",7.3,-37.39,-131.07,
15482,"Hiddekel Cavus",23.3,29.43,16.24,
15483,"Echus Palus",715,12.29,-77.27,
15484,"Langtang",9.8,-38.12,-135.96,
15485,"Talu",10,-40.35,20.09,
15486,"Bunnik",29,-38.07,-142.1,
15487,"Nqutu",21,-38.04,169.55,
15498,"Cilaos",21.4,-35.71,129.48,
15504,"Murray",92,-23.29,28.06,
15505,"Mambali",31,-23.51,27.03,
15506,"Baum",62,-24.72,28.3,
15507,"Degana",57,-23.72,-45.5,
15508,"Nybyen",6.2,-37.02,-16.66,
15509,"Flateyri",9.5,-35.86,-29.08,
15526,"Taltal",10,-39.51,-125.79,
15527,"Ruhea",9.5,-43.26,173.08,
15528,"Krupac",10,-7.79,86.01,
15529,"Avan",3.3,-10.97,-69.77,
15532,"Ubud",27,-10.63,-18.32,
15534,"Andapa",11,-5.33,-4.73,
15535,"Sibiti",33,-12.37,-65.26,
15536,"Nia Chaos",48,-6.74,-67.38,
15537,"Baetis Labēs",88,-3.67,-71.46,
15538,"Chrysas Mensa",167,-6.77,-70.1,
15564,"Tarq",35.36,-38.1,171.22,
15568,"Kankossa",16.5,-11.83,-55.54,
15569,"Bam",6.8,-25.79,115.67,
15571,"Gediz Vallis",8.3,-4.85,137.44,
15573,"Hiddekel Rupes",313,16.77,16.47,
15575,"Icaria Rupes",159.81,-35.79,-139.68,
15589,"Phrixi Rupes",413.09,-44.67,-67.03,
15605,"Alnif",23.99,-15.14,-31.09,
15606,"Gokwe",2.16,-27.14,78.12,
15687,"Neukum",102,-44.9,28.4,
15688,"Pai",42,-41.1,37.6,
15689,"Zeus Patera",65,18.39,-132.93,
15690,"Hermes Patera",37,18.33,-133.43,
15691,"Hera Patera",32,18.45,-133.77,
15692,"Dionysus Patera",23,17.96,-133.23,
15693,"Athena Patera",19,18.74,-132.82,
15694,"Apollo Patera",24,17.94,-133.55,
15695,"Olympus Paterae",85,18.32,-133.19,
15696,"Kotido",44,1,-9.11,
15697,"Dalu Cavus",65,-6.9,-99,
15698,"Layl Cavus",48.4,-10.4,-98.6,
15699,"Malam Cavus",48,-11.2,-98.1,
15700,"Nat Cavus",40.4,-11.9,-96.9,
15701,"Noc Cavus",29.7,-13.4,-96.7,
15703,"Usiku Cavus",42,-11.2,-96.3,
15704,"Noctis Tholus",18,-12.3,-98.2,
15705,"Olympus Maculae",124,17.36,-142.84,
15712,"Oenotria Cavi",247,-3.86,78.9,
15713,"Chukhung",45,38.47,-72.42,
15714,"Qara",2.5,16.43,-150.3,
15715,"Dechu",22,-42.25,-157.99,
15716,"Jaisalmer",15,33.49,84.14,
15717,"Topola",8,15.83,-92.21,
15718,"Kenge",6,-16.36,102.95,
15719,"Yelwa",8.2,31.12,-147.63,
15720,"Kilmia",7,-24.04,59.48,
15721,"Kufstein",18.8,-36,57.54,
15731,"Garu",32,-6.39,141.28,
15750,"Oituz",15.3,23.46,-18.76,
15756,"McCauley",90,-27.35,83.23,
15757,"Jori",31,-28.38,83.4,
15758,"Batson",75,-28.91,84.15,
15759,"Nako",43,-29.67,82.93,
15760,"Salkhad",42,-29.85,83.69,
15761,"Aeolis Chaos",201,-7.13,150.6,
15764,"Wulai",50.5,10.24,0.99,
15765,"Banes",41,10.76,-4.32,
15766,"Sera",28,8.84,-1.05,
15767,"Jiji",21,8.77,-1.74,
15768,"Kaporo",42.7,-0.12,14.35,
15769,"Izamal",57.5,3.78,1.62,
15770,"Yelapa",29,3.83,1.13,
15771,"Alofi",43,9.84,-0.02,
15777,"Kalpin",52,8.93,141.27,
15778,"Cagli",28.16,4.73,-3.55,
15793,"Thymiamata Serpens",158,10.47,-7.83,
15794,"Meridiani Serpentes",95,1.3,8.1,
15795,"Barth",111,7.44,25.67,
15801,"Phison Patera",506,30.27,48.7,
15821,"Oxia Planum",231.03,17.28,-25.71,
15849,"Kilkhampton",16,17.52,-23.3,
15850,"Tehachapi",26,36.57,-30.42,
15853,"Chamba",37,14.29,-24.38,
15871,"Hartwell",1.7,18.53,77.72,
15872,"Belva",0.9,18.48,77.38,
15873,"Angelica",3.5,18.65,76.95,
15874,"Marysville",1.85,18.13,77.18,
15875,"Ulricehamn",2.34,17.95,76.91,
15876,"Sedona",7.4,17.84,77.54,
15877,"Dacono",2.2,18.34,77.95,
15878,"Una Vallis",5,18.29,77.07,
15879,"Neretva Vallis",17,18.55,77.2,
15880,"Nili Planum",128.55,18.6,77.1,
15892,"Malino",16,18,-24.72,
15893,"Zaim",24,18.08,-23.03,
15896,"Izola",2.7,-26.11,54.1,
15897,"Izola Mensa",10.8,-25.89,54.29,
15903,"Pliva Vallis",30,18.67,78.35,
15904,"Sava Vallis",62,19.09,77.13,